Configuration,Model,Fold,Subject ID,Record Source,Actual Target,Predicted Target,OA Probability
vas_categorical_baseline,Logistic Regression,5,1,real,1,1,0.5294088640848631
vas_categorical_baseline,Logistic Regression,1,2,real,0,1,0.5074894246139164
vas_categorical_baseline,Logistic Regression,3,3,real,1,1,0.9562061146082144
vas_categorical_baseline,Logistic Regression,3,4,real,1,1,0.7316671428362367
vas_categorical_baseline,Logistic Regression,1,5,real,0,0,0.434711728975438
vas_categorical_baseline,Logistic Regression,5,6,real,1,1,0.9990233850973235
vas_categorical_baseline,Logistic Regression,3,7,real,0,0,0.20359948749368711
vas_categorical_baseline,Logistic Regression,4,8,real,1,1,0.985149169819153
vas_categorical_baseline,Logistic Regression,5,9,real,1,1,0.9802100458741918
vas_categorical_baseline,Logistic Regression,3,10,real,0,1,0.8094547058701015
vas_categorical_baseline,Logistic Regression,1,11,real,1,1,0.9827062712523148
vas_categorical_baseline,Logistic Regression,2,12,real,0,1,0.7371344218729585
vas_categorical_baseline,Logistic Regression,5,13,real,0,1,0.7642126466744732
vas_categorical_baseline,Logistic Regression,2,14,real,1,1,0.9754342936922589
vas_categorical_baseline,Logistic Regression,2,15,real,0,1,0.9813107800007811
vas_categorical_baseline,Logistic Regression,3,16,real,0,1,0.5635651868900199
vas_categorical_baseline,Logistic Regression,1,17,real,1,1,0.6503618927839688
vas_categorical_baseline,Logistic Regression,1,18,real,0,0,0.33648148506762054
vas_categorical_baseline,Logistic Regression,1,19,real,1,1,0.9919985381054033
vas_categorical_baseline,Logistic Regression,4,20,real,0,0,0.02161055869103736
vas_categorical_baseline,Logistic Regression,1,21,real,1,1,0.9417667841731148
vas_categorical_baseline,Logistic Regression,5,22,real,0,1,0.9653600055690971
vas_categorical_baseline,Logistic Regression,3,23,real,0,1,0.5483992946860908
vas_categorical_baseline,Logistic Regression,4,24,real,1,1,0.783506698258303
vas_categorical_baseline,Logistic Regression,4,25,real,1,1,0.8494721281653105
vas_categorical_baseline,Logistic Regression,5,26,real,0,0,0.11118308316722907
vas_categorical_baseline,Logistic Regression,4,27,real,0,1,0.9277580744777024
vas_categorical_baseline,Logistic Regression,2,28,real,0,1,0.8988433239389909
vas_categorical_baseline,Logistic Regression,3,29,real,1,1,0.8193279306258103
vas_categorical_baseline,Logistic Regression,2,30,real,0,0,0.43627148076607
vas_categorical_baseline,Logistic Regression,2,31,real,1,1,0.8490674095540783
vas_categorical_baseline,Logistic Regression,2,32,real,1,1,0.9361829115096402
vas_categorical_baseline,Logistic Regression,5,33,real,1,1,0.9065713175696493
vas_categorical_baseline,Logistic Regression,2,34,real,1,1,0.915172006678632
vas_categorical_baseline,Logistic Regression,2,35,real,1,1,0.7729730991739054
vas_categorical_baseline,Logistic Regression,2,36,real,1,1,0.9948620419620516
vas_categorical_baseline,Logistic Regression,4,37,real,1,1,0.8153641192456791
vas_categorical_baseline,Logistic Regression,4,38,real,0,0,0.16227653587606555
vas_categorical_baseline,Logistic Regression,3,39,real,0,1,0.8397118056528404
vas_categorical_baseline,Logistic Regression,5,40,real,0,0,0.11458406350496876
vas_categorical_baseline,Logistic Regression,5,41,real,0,1,0.7727018121027537
vas_categorical_baseline,Logistic Regression,3,42,real,1,1,0.8169976298061852
vas_categorical_baseline,Logistic Regression,1,43,real,1,1,0.9922614192552319
vas_categorical_baseline,Logistic Regression,4,44,real,1,1,0.5464836521056712
vas_categorical_baseline,Logistic Regression,2,45,real,0,0,0.22151913343640992
vas_categorical_baseline,Logistic Regression,4,46,real,0,0,0.1455550135776487
vas_categorical_baseline,Logistic Regression,5,47,real,0,0,0.4422902681597459
vas_categorical_baseline,Logistic Regression,4,48,real,0,0,0.08708186967030354
vas_categorical_baseline,Logistic Regression,5,49,real,1,1,0.5322754703648215
vas_categorical_baseline,Logistic Regression,1,50,real,1,0,0.37522288982044705
vas_categorical_baseline,Logistic Regression,2,51,real,1,0,0.18957876792961575
vas_categorical_baseline,Logistic Regression,4,52,real,1,1,0.8990154397383212
vas_categorical_baseline,Logistic Regression,2,53,real,0,0,0.16960984022505385
vas_categorical_baseline,Logistic Regression,3,54,real,0,0,0.2303382408289447
vas_categorical_baseline,Logistic Regression,1,55,real,1,1,0.6278432379702523
vas_categorical_baseline,Logistic Regression,1,56,real,0,1,0.5646609216684383
vas_categorical_baseline,Logistic Regression,5,57,real,0,0,0.2626199165096852
vas_categorical_baseline,Logistic Regression,5,58,real,1,0,0.2431207678715214
vas_categorical_baseline,Logistic Regression,3,59,real,1,0,0.31895130188728626
vas_categorical_baseline,Logistic Regression,4,60,real,0,0,0.4163067967704861
vas_categorical_baseline,Logistic Regression,1,61,real,1,0,0.1449258884880126
vas_categorical_baseline,Logistic Regression,4,62,real,1,0,0.017438097325094278
vas_categorical_baseline,Logistic Regression,4,63,real,0,0,0.14497294781703582
vas_categorical_baseline,Logistic Regression,3,64,real,1,1,0.8377868569559782
vas_categorical_baseline,Logistic Regression,2,65,real,0,0,0.07196660132706702
vas_categorical_baseline,Logistic Regression,5,66,real,0,0,0.35508768357729703
vas_categorical_baseline,Logistic Regression,5,67,real,1,0,0.35830021762626285
vas_categorical_baseline,Logistic Regression,2,68,real,0,0,0.3097363599644549
vas_categorical_baseline,Logistic Regression,5,69,real,0,1,0.6138682017829593
vas_categorical_baseline,Logistic Regression,4,70,real,0,0,0.28672930361559945
vas_categorical_baseline,Logistic Regression,2,71,real,1,0,0.15613323632348636
vas_categorical_baseline,Logistic Regression,1,72,real,0,0,0.2193162146349463
vas_categorical_baseline,Logistic Regression,1,73,real,0,0,0.2776408783652067
vas_categorical_baseline,Logistic Regression,3,74,real,1,1,0.8830237051353554
vas_categorical_baseline,Logistic Regression,4,75,real,0,0,0.05602716528424719
vas_categorical_baseline,Logistic Regression,3,76,real,0,0,0.17796539240418932
vas_categorical_baseline,Logistic Regression,3,77,real,1,1,0.526172207665367
vas_categorical_baseline,Logistic Regression,3,78,real,1,1,0.7662781740866721
vas_categorical_baseline,Logistic Regression,1,79,real,0,0,0.1420550254320302
vas_categorical_baseline,Logistic Regression,1,80,real,1,0,0.18414692538872077
vas_categorical_baseline,Logistic Regression,2,81,real,1,1,0.7852688832233431
vas_categorical_baseline,Logistic Regression,4,82,real,1,0,0.28337421298620075
vas_categorical_baseline,Logistic Regression,5,83,real,1,1,0.8636719309780522
vas_categorical_baseline,Logistic Regression,3,84,real,0,1,0.8179040667329587
vas_categorical_baseline,Logistic Regression,1,85,real,0,0,0.07362353233988339
vas_categorical_baseline,Logistic Regression,2,86,real,0,0,0.11520671352987139
vas_categorical_baseline,Logistic Regression,3,87,real,0,0,0.2229948852269337
vas_categorical_baseline,Logistic Regression,1,88,real,0,0,0.17473521592585292
vas_categorical_baseline,KNN,5,1,real,1,0,0.0
vas_categorical_baseline,KNN,1,2,real,0,0,0.2
vas_categorical_baseline,KNN,3,3,real,1,0,0.0
vas_categorical_baseline,KNN,3,4,real,1,1,1.0
vas_categorical_baseline,KNN,1,5,real,0,0,0.0
vas_categorical_baseline,KNN,5,6,real,1,1,1.0
vas_categorical_baseline,KNN,3,7,real,0,0,0.0
vas_categorical_baseline,KNN,4,8,real,1,1,0.6
vas_categorical_baseline,KNN,5,9,real,1,1,1.0
vas_categorical_baseline,KNN,3,10,real,0,1,0.8
vas_categorical_baseline,KNN,1,11,real,1,0,0.0
vas_categorical_baseline,KNN,2,12,real,0,1,0.6
vas_categorical_baseline,KNN,5,13,real,0,1,0.6
vas_categorical_baseline,KNN,2,14,real,1,1,0.6
vas_categorical_baseline,KNN,2,15,real,0,1,0.8
vas_categorical_baseline,KNN,3,16,real,0,1,1.0
vas_categorical_baseline,KNN,1,17,real,1,0,0.0
vas_categorical_baseline,KNN,1,18,real,0,0,0.4
vas_categorical_baseline,KNN,1,19,real,1,0,0.2
vas_categorical_baseline,KNN,4,20,real,0,0,0.0
vas_categorical_baseline,KNN,1,21,real,1,1,0.6
vas_categorical_baseline,KNN,5,22,real,0,1,0.8
vas_categorical_baseline,KNN,3,23,real,0,1,0.8
vas_categorical_baseline,KNN,4,24,real,1,1,1.0
vas_categorical_baseline,KNN,4,25,real,1,0,0.4
vas_categorical_baseline,KNN,5,26,real,0,0,0.2
vas_categorical_baseline,KNN,4,27,real,0,1,0.8
vas_categorical_baseline,KNN,2,28,real,0,1,1.0
vas_categorical_baseline,KNN,3,29,real,1,1,1.0
vas_categorical_baseline,KNN,2,30,real,0,0,0.0
vas_categorical_baseline,KNN,2,31,real,1,1,1.0
vas_categorical_baseline,KNN,2,32,real,1,1,1.0
vas_categorical_baseline,KNN,5,33,real,1,1,1.0
vas_categorical_baseline,KNN,2,34,real,1,1,1.0
vas_categorical_baseline,KNN,2,35,real,1,0,0.0
vas_categorical_baseline,KNN,2,36,real,1,1,1.0
vas_categorical_baseline,KNN,4,37,real,1,1,1.0
vas_categorical_baseline,KNN,4,38,real,0,1,1.0
vas_categorical_baseline,KNN,3,39,real,0,1,0.8
vas_categorical_baseline,KNN,5,40,real,0,0,0.2
vas_categorical_baseline,KNN,5,41,real,0,1,0.8
vas_categorical_baseline,KNN,3,42,real,1,1,1.0
vas_categorical_baseline,KNN,1,43,real,1,1,1.0
vas_categorical_baseline,KNN,4,44,real,1,1,1.0
vas_categorical_baseline,KNN,2,45,real,0,0,0.2
vas_categorical_baseline,KNN,4,46,real,0,0,0.4
vas_categorical_baseline,KNN,5,47,real,0,0,0.0
vas_categorical_baseline,KNN,4,48,real,0,0,0.0
vas_categorical_baseline,KNN,5,49,real,1,1,1.0
vas_categorical_baseline,KNN,1,50,real,1,0,0.4
vas_categorical_baseline,KNN,2,51,real,1,1,0.6
vas_categorical_baseline,KNN,4,52,real,1,1,0.6
vas_categorical_baseline,KNN,2,53,real,0,0,0.0
vas_categorical_baseline,KNN,3,54,real,0,0,0.4
vas_categorical_baseline,KNN,1,55,real,1,0,0.0
vas_categorical_baseline,KNN,1,56,real,0,0,0.0
vas_categorical_baseline,KNN,5,57,real,0,0,0.2
vas_categorical_baseline,KNN,5,58,real,1,1,1.0
vas_categorical_baseline,KNN,3,59,real,1,1,1.0
vas_categorical_baseline,KNN,4,60,real,0,0,0.0
vas_categorical_baseline,KNN,1,61,real,1,0,0.0
vas_categorical_baseline,KNN,4,62,real,1,0,0.0
vas_categorical_baseline,KNN,4,63,real,0,0,0.4
vas_categorical_baseline,KNN,3,64,real,1,1,1.0
vas_categorical_baseline,KNN,2,65,real,0,0,0.4
vas_categorical_baseline,KNN,5,66,real,0,0,0.2
vas_categorical_baseline,KNN,5,67,real,1,1,1.0
vas_categorical_baseline,KNN,2,68,real,0,0,0.2
vas_categorical_baseline,KNN,5,69,real,0,0,0.4
vas_categorical_baseline,KNN,4,70,real,0,1,0.8
vas_categorical_baseline,KNN,2,71,real,1,0,0.0
vas_categorical_baseline,KNN,1,72,real,0,0,0.0
vas_categorical_baseline,KNN,1,73,real,0,0,0.0
vas_categorical_baseline,KNN,3,74,real,1,1,1.0
vas_categorical_baseline,KNN,4,75,real,0,0,0.0
vas_categorical_baseline,KNN,3,76,real,0,0,0.0
vas_categorical_baseline,KNN,3,77,real,1,1,1.0
vas_categorical_baseline,KNN,3,78,real,1,1,1.0
vas_categorical_baseline,KNN,1,79,real,0,0,0.0
vas_categorical_baseline,KNN,1,80,real,1,1,0.8
vas_categorical_baseline,KNN,2,81,real,1,1,1.0
vas_categorical_baseline,KNN,4,82,real,1,0,0.0
vas_categorical_baseline,KNN,5,83,real,1,1,1.0
vas_categorical_baseline,KNN,3,84,real,0,1,0.6
vas_categorical_baseline,KNN,1,85,real,0,0,0.0
vas_categorical_baseline,KNN,2,86,real,0,0,0.0
vas_categorical_baseline,KNN,3,87,real,0,0,0.0
vas_categorical_baseline,KNN,1,88,real,0,1,0.8
vas_categorical_baseline,Decision Tree,5,1,real,1,0,0.0
vas_categorical_baseline,Decision Tree,1,2,real,0,0,0.03333333333333333
vas_categorical_baseline,Decision Tree,3,3,real,1,0,0.2916666666666667
vas_categorical_baseline,Decision Tree,3,4,real,1,1,0.9866666666666667
vas_categorical_baseline,Decision Tree,1,5,real,0,0,0.03333333333333333
vas_categorical_baseline,Decision Tree,5,6,real,1,1,1.0
vas_categorical_baseline,Decision Tree,3,7,real,0,0,0.0
vas_categorical_baseline,Decision Tree,4,8,real,1,1,1.0
vas_categorical_baseline,Decision Tree,5,9,real,1,0,0.5
vas_categorical_baseline,Decision Tree,3,10,real,0,1,1.0
vas_categorical_baseline,Decision Tree,1,11,real,1,0,0.21739130434782608
vas_categorical_baseline,Decision Tree,2,12,real,0,0,0.425
vas_categorical_baseline,Decision Tree,5,13,real,0,1,0.6341463414634146
vas_categorical_baseline,Decision Tree,2,14,real,1,0,0.5
vas_categorical_baseline,Decision Tree,2,15,real,0,0,0.5
vas_categorical_baseline,Decision Tree,3,16,real,0,0,0.2898550724637681
vas_categorical_baseline,Decision Tree,1,17,real,1,0,0.0
vas_categorical_baseline,Decision Tree,1,18,real,0,0,0.21052631578947367
vas_categorical_baseline,Decision Tree,1,19,real,1,0,0.21739130434782608
vas_categorical_baseline,Decision Tree,4,20,real,0,0,0.061452513966480445
vas_categorical_baseline,Decision Tree,1,21,real,1,1,1.0
vas_categorical_baseline,Decision Tree,5,22,real,0,0,0.5
vas_categorical_baseline,Decision Tree,3,23,real,0,0,0.2898550724637681
vas_categorical_baseline,Decision Tree,4,24,real,1,0,0.3333333333333333
vas_categorical_baseline,Decision Tree,4,25,real,1,0,0.0
vas_categorical_baseline,Decision Tree,5,26,real,0,0,0.05063291139240506
vas_categorical_baseline,Decision Tree,4,27,real,0,0,0.3333333333333333
vas_categorical_baseline,Decision Tree,2,28,real,0,1,1.0
vas_categorical_baseline,Decision Tree,3,29,real,1,1,0.9866666666666667
vas_categorical_baseline,Decision Tree,2,30,real,0,0,0.1111111111111111
vas_categorical_baseline,Decision Tree,2,31,real,1,1,1.0
vas_categorical_baseline,Decision Tree,2,32,real,1,1,1.0
vas_categorical_baseline,Decision Tree,5,33,real,1,1,1.0
vas_categorical_baseline,Decision Tree,2,34,real,1,1,1.0
vas_categorical_baseline,Decision Tree,2,35,real,1,0,0.425
vas_categorical_baseline,Decision Tree,2,36,real,1,1,1.0
vas_categorical_baseline,Decision Tree,4,37,real,1,1,1.0
vas_categorical_baseline,Decision Tree,4,38,real,0,1,0.69
vas_categorical_baseline,Decision Tree,3,39,real,0,1,1.0
vas_categorical_baseline,Decision Tree,5,40,real,0,0,0.3333333333333333
vas_categorical_baseline,Decision Tree,5,41,real,0,1,0.6341463414634146
vas_categorical_baseline,Decision Tree,3,42,real,1,1,1.0
vas_categorical_baseline,Decision Tree,1,43,real,1,1,1.0
vas_categorical_baseline,Decision Tree,4,44,real,1,1,1.0
vas_categorical_baseline,Decision Tree,2,45,real,0,0,0.16666666666666666
vas_categorical_baseline,Decision Tree,4,46,real,0,1,0.69
vas_categorical_baseline,Decision Tree,5,47,real,0,0,0.025
vas_categorical_baseline,Decision Tree,4,48,real,0,0,0.061452513966480445
vas_categorical_baseline,Decision Tree,5,49,real,1,1,1.0
vas_categorical_baseline,Decision Tree,1,50,real,1,0,0.03333333333333333
vas_categorical_baseline,Decision Tree,2,51,real,1,1,0.5308641975308642
vas_categorical_baseline,Decision Tree,4,52,real,1,1,1.0
vas_categorical_baseline,Decision Tree,2,53,real,0,0,0.07692307692307693
vas_categorical_baseline,Decision Tree,3,54,real,0,0,0.25
vas_categorical_baseline,Decision Tree,1,55,real,1,0,0.03333333333333333
vas_categorical_baseline,Decision Tree,1,56,real,0,0,0.03333333333333333
vas_categorical_baseline,Decision Tree,5,57,real,0,0,0.05063291139240506
vas_categorical_baseline,Decision Tree,5,58,real,1,1,0.7209302325581395
vas_categorical_baseline,Decision Tree,3,59,real,1,1,0.6794871794871795
vas_categorical_baseline,Decision Tree,4,60,real,0,0,0.07142857142857142
vas_categorical_baseline,Decision Tree,1,61,real,1,0,0.025210084033613446
vas_categorical_baseline,Decision Tree,4,62,real,1,0,0.061452513966480445
vas_categorical_baseline,Decision Tree,4,63,real,0,1,0.69
vas_categorical_baseline,Decision Tree,3,64,real,1,1,1.0
vas_categorical_baseline,Decision Tree,2,65,real,0,0,0.061224489795918366
vas_categorical_baseline,Decision Tree,5,66,real,0,0,0.22727272727272727
vas_categorical_baseline,Decision Tree,5,67,real,1,0,0.22727272727272727
vas_categorical_baseline,Decision Tree,2,68,real,0,0,0.0
vas_categorical_baseline,Decision Tree,5,69,real,0,0,0.22727272727272727
vas_categorical_baseline,Decision Tree,4,70,real,0,0,0.07142857142857142
vas_categorical_baseline,Decision Tree,2,71,real,1,0,0.07692307692307693
vas_categorical_baseline,Decision Tree,1,72,real,0,0,0.0
vas_categorical_baseline,Decision Tree,1,73,real,0,0,0.0
vas_categorical_baseline,Decision Tree,3,74,real,1,1,0.9866666666666667
vas_categorical_baseline,Decision Tree,4,75,real,0,0,0.061452513966480445
vas_categorical_baseline,Decision Tree,3,76,real,0,0,0.0
vas_categorical_baseline,Decision Tree,3,77,real,1,0,0.2898550724637681
vas_categorical_baseline,Decision Tree,3,78,real,1,1,0.9866666666666667
vas_categorical_baseline,Decision Tree,1,79,real,0,0,0.025210084033613446
vas_categorical_baseline,Decision Tree,1,80,real,1,1,0.7222222222222222
vas_categorical_baseline,Decision Tree,2,81,real,1,1,1.0
vas_categorical_baseline,Decision Tree,4,82,real,1,0,0.061452513966480445
vas_categorical_baseline,Decision Tree,5,83,real,1,1,1.0
vas_categorical_baseline,Decision Tree,3,84,real,0,0,0.0425531914893617
vas_categorical_baseline,Decision Tree,1,85,real,0,0,0.025210084033613446
vas_categorical_baseline,Decision Tree,2,86,real,0,0,0.061224489795918366
vas_categorical_baseline,Decision Tree,3,87,real,0,0,0.0
vas_categorical_baseline,Decision Tree,1,88,real,0,1,0.7222222222222222
vas_categorical_baseline,Random Forest,5,1,real,1,0,0.09885473836090326
vas_categorical_baseline,Random Forest,1,2,real,0,0,0.2500780721790047
vas_categorical_baseline,Random Forest,3,3,real,1,0,0.4460528587212801
vas_categorical_baseline,Random Forest,3,4,real,1,1,0.7971841803552097
vas_categorical_baseline,Random Forest,1,5,real,0,0,0.194855932633029
vas_categorical_baseline,Random Forest,5,6,real,1,1,0.965180614544212
vas_categorical_baseline,Random Forest,3,7,real,0,0,0.09326172722855831
vas_categorical_baseline,Random Forest,4,8,real,1,1,0.983
vas_categorical_baseline,Random Forest,5,9,real,1,1,0.9151096002665985
vas_categorical_baseline,Random Forest,3,10,real,0,1,0.7379483148126665
vas_categorical_baseline,Random Forest,1,11,real,1,1,0.5771361408124607
vas_categorical_baseline,Random Forest,2,12,real,0,0,0.44345708362396585
vas_categorical_baseline,Random Forest,5,13,real,0,1,0.619176565635298
vas_categorical_baseline,Random Forest,2,14,real,1,1,0.7527390862536962
vas_categorical_baseline,Random Forest,2,15,real,0,1,0.735618323584755
vas_categorical_baseline,Random Forest,3,16,real,0,0,0.42002603065221744
vas_categorical_baseline,Random Forest,1,17,real,1,0,0.019405806896119683
vas_categorical_baseline,Random Forest,1,18,real,0,0,0.07388466267528637
vas_categorical_baseline,Random Forest,1,19,real,1,0,0.4683133455793106
vas_categorical_baseline,Random Forest,4,20,real,0,0,0.07054465040939262
vas_categorical_baseline,Random Forest,1,21,real,1,1,0.8860595923523293
vas_categorical_baseline,Random Forest,5,22,real,0,1,0.7565991881064866
vas_categorical_baseline,Random Forest,3,23,real,0,0,0.412124313826428
vas_categorical_baseline,Random Forest,4,24,real,1,1,0.84575
vas_categorical_baseline,Random Forest,4,25,real,1,0,0.23025094036804017
vas_categorical_baseline,Random Forest,5,26,real,0,0,0.0957523989953213
vas_categorical_baseline,Random Forest,4,27,real,0,1,0.660598026776313
vas_categorical_baseline,Random Forest,2,28,real,0,1,0.924659220543675
vas_categorical_baseline,Random Forest,3,29,real,1,1,0.948301067766451
vas_categorical_baseline,Random Forest,2,30,real,0,0,0.22596201835091592
vas_categorical_baseline,Random Forest,2,31,real,1,1,0.9276057862053435
vas_categorical_baseline,Random Forest,2,32,real,1,1,0.9904105516675854
vas_categorical_baseline,Random Forest,5,33,real,1,1,0.9980287453975697
vas_categorical_baseline,Random Forest,2,34,real,1,1,0.919275001692617
vas_categorical_baseline,Random Forest,2,35,real,1,0,0.43984742812668887
vas_categorical_baseline,Random Forest,2,36,real,1,1,0.9722847950090113
vas_categorical_baseline,Random Forest,4,37,real,1,1,0.975768738450551
vas_categorical_baseline,Random Forest,4,38,real,0,1,0.8206247100014851
vas_categorical_baseline,Random Forest,3,39,real,0,1,0.7091462600411711
vas_categorical_baseline,Random Forest,5,40,real,0,0,0.2511988049717637
vas_categorical_baseline,Random Forest,5,41,real,0,1,0.6182390656352978
vas_categorical_baseline,Random Forest,3,42,real,1,1,0.9668787489170336
vas_categorical_baseline,Random Forest,1,43,real,1,1,0.9612820821707807
vas_categorical_baseline,Random Forest,4,44,real,1,1,0.933936343086964
vas_categorical_baseline,Random Forest,2,45,real,0,0,0.30652522985467767
vas_categorical_baseline,Random Forest,4,46,real,0,1,0.5791449938359474
vas_categorical_baseline,Random Forest,5,47,real,0,0,0.1476142704764566
vas_categorical_baseline,Random Forest,4,48,real,0,0,0.0732504593272992
vas_categorical_baseline,Random Forest,5,49,real,1,1,0.9383612419863937
vas_categorical_baseline,Random Forest,1,50,real,1,0,0.19092806383225625
vas_categorical_baseline,Random Forest,2,51,real,1,1,0.5262789500428895
vas_categorical_baseline,Random Forest,4,52,real,1,1,0.9814284011445131
vas_categorical_baseline,Random Forest,2,53,real,0,0,0.23241560148942547
vas_categorical_baseline,Random Forest,3,54,real,0,0,0.1458632536291075
vas_categorical_baseline,Random Forest,1,55,real,1,0,0.13028213347979456
vas_categorical_baseline,Random Forest,1,56,real,0,0,0.15621582471439208
vas_categorical_baseline,Random Forest,5,57,real,0,0,0.15428444507512298
vas_categorical_baseline,Random Forest,5,58,real,1,1,0.5820588098585232
vas_categorical_baseline,Random Forest,3,59,real,1,1,0.6164421305537391
vas_categorical_baseline,Random Forest,4,60,real,0,0,0.05378388036401897
vas_categorical_baseline,Random Forest,1,61,real,1,0,0.05735948838448898
vas_categorical_baseline,Random Forest,4,62,real,1,0,0.07054465040939262
vas_categorical_baseline,Random Forest,4,63,real,0,1,0.6340599542969678
vas_categorical_baseline,Random Forest,3,64,real,1,1,0.9634425194907769
vas_categorical_baseline,Random Forest,2,65,real,0,0,0.09798192231207664
vas_categorical_baseline,Random Forest,5,66,real,0,0,0.2957681770867318
vas_categorical_baseline,Random Forest,5,67,real,1,0,0.16632627621588209
vas_categorical_baseline,Random Forest,2,68,real,0,0,0.1413395118383437
vas_categorical_baseline,Random Forest,5,69,real,0,0,0.3906704396804945
vas_categorical_baseline,Random Forest,4,70,real,0,0,0.36150116075122896
vas_categorical_baseline,Random Forest,2,71,real,1,0,0.20643814282708878
vas_categorical_baseline,Random Forest,1,72,real,0,0,0.12856972582681248
vas_categorical_baseline,Random Forest,1,73,real,0,0,0.026988181393158804
vas_categorical_baseline,Random Forest,3,74,real,1,1,0.8220049487046023
vas_categorical_baseline,Random Forest,4,75,real,0,0,0.07246772733246953
vas_categorical_baseline,Random Forest,3,76,real,0,0,0.0806720206388517
vas_categorical_baseline,Random Forest,3,77,real,1,1,0.6675681417840493
vas_categorical_baseline,Random Forest,3,78,real,1,1,0.7978437533660283
vas_categorical_baseline,Random Forest,1,79,real,0,0,0.05735948838448898
vas_categorical_baseline,Random Forest,1,80,real,1,0,0.4742455244049313
vas_categorical_baseline,Random Forest,2,81,real,1,1,0.9775230295919789
vas_categorical_baseline,Random Forest,4,82,real,1,0,0.07755703232128282
vas_categorical_baseline,Random Forest,5,83,real,1,1,0.9525349288428948
vas_categorical_baseline,Random Forest,3,84,real,0,1,0.7050386933031808
vas_categorical_baseline,Random Forest,1,85,real,0,0,0.07584388496280947
vas_categorical_baseline,Random Forest,2,86,real,0,0,0.0961858983641199
vas_categorical_baseline,Random Forest,3,87,real,0,0,0.08569895666578776
vas_categorical_baseline,Random Forest,1,88,real,0,1,0.6052159539192524
vas_categorical_baseline,SVM,5,1,real,1,0,0.1595529091060052
vas_categorical_baseline,SVM,1,2,real,0,0,0.20150531972089378
vas_categorical_baseline,SVM,3,3,real,1,0,0.5138540724674067
vas_categorical_baseline,SVM,3,4,real,1,1,0.8357569769334443
vas_categorical_baseline,SVM,1,5,real,0,0,0.19721642291487548
vas_categorical_baseline,SVM,5,6,real,1,1,0.9292180362172038
vas_categorical_baseline,SVM,3,7,real,0,0,0.0959526072643581
vas_categorical_baseline,SVM,4,8,real,1,1,0.8885171171837152
vas_categorical_baseline,SVM,5,9,real,1,1,0.9816923242549493
vas_categorical_baseline,SVM,3,10,real,0,1,0.6387038369733226
vas_categorical_baseline,SVM,1,11,real,1,0,0.2563690965845369
vas_categorical_baseline,SVM,2,12,real,0,0,0.2840254047296049
vas_categorical_baseline,SVM,5,13,real,0,1,0.8533469322710443
vas_categorical_baseline,SVM,2,14,real,1,1,0.9727000876689761
vas_categorical_baseline,SVM,2,15,real,0,1,0.9964602971618576
vas_categorical_baseline,SVM,3,16,real,0,0,0.3926849905947928
vas_categorical_baseline,SVM,1,17,real,1,0,0.25682454302910024
vas_categorical_baseline,SVM,1,18,real,0,1,0.6792148317636912
vas_categorical_baseline,SVM,1,19,real,1,0,0.16296309719324029
vas_categorical_baseline,SVM,4,20,real,0,0,0.013859415057317621
vas_categorical_baseline,SVM,1,21,real,1,1,0.7440280741720784
vas_categorical_baseline,SVM,5,22,real,0,1,0.9945112597505247
vas_categorical_baseline,SVM,3,23,real,0,0,0.3520154655595686
vas_categorical_baseline,SVM,4,24,real,1,1,0.9101845895758868
vas_categorical_baseline,SVM,4,25,real,1,0,0.289271163124737
vas_categorical_baseline,SVM,5,26,real,0,0,0.08423074477491718
vas_categorical_baseline,SVM,4,27,real,0,1,0.9999962386593034
vas_categorical_baseline,SVM,2,28,real,0,1,0.9609290709923186
vas_categorical_baseline,SVM,3,29,real,1,1,0.8759981940155204
vas_categorical_baseline,SVM,2,30,real,0,0,0.377657695421064
vas_categorical_baseline,SVM,2,31,real,1,1,0.9617236994468019
vas_categorical_baseline,SVM,2,32,real,1,1,0.9810399697754761
vas_categorical_baseline,SVM,5,33,real,1,1,0.9633277557489127
vas_categorical_baseline,SVM,2,34,real,1,1,0.9582687044720337
vas_categorical_baseline,SVM,2,35,real,1,0,0.3120459050506626
vas_categorical_baseline,SVM,2,36,real,1,1,0.9999964806422535
vas_categorical_baseline,SVM,4,37,real,1,1,0.9859409741005706
vas_categorical_baseline,SVM,4,38,real,0,1,0.9660383960552292
vas_categorical_baseline,SVM,3,39,real,0,0,0.5355634527840261
vas_categorical_baseline,SVM,5,40,real,0,0,0.06067476489360737
vas_categorical_baseline,SVM,5,41,real,0,1,0.8725049321121647
vas_categorical_baseline,SVM,3,42,real,1,1,0.8631829114704561
vas_categorical_baseline,SVM,1,43,real,1,1,0.94777459525878
vas_categorical_baseline,SVM,4,44,real,1,1,0.9768430164409582
vas_categorical_baseline,SVM,2,45,real,0,0,0.23214251643435943
vas_categorical_baseline,SVM,4,46,real,0,0,0.5364415044706591
vas_categorical_baseline,SVM,5,47,real,0,0,0.1132083889504395
vas_categorical_baseline,SVM,4,48,real,0,0,0.03783738768633672
vas_categorical_baseline,SVM,5,49,real,1,1,0.9447403499392667
vas_categorical_baseline,SVM,1,50,real,1,0,0.44563309910565957
vas_categorical_baseline,SVM,2,51,real,1,0,0.2638099966767423
vas_categorical_baseline,SVM,4,52,real,1,1,0.7570089103243373
vas_categorical_baseline,SVM,2,53,real,0,0,0.05986174084053078
vas_categorical_baseline,SVM,3,54,real,0,1,0.6794905814419261
vas_categorical_baseline,SVM,1,55,real,1,0,0.20082459274363268
vas_categorical_baseline,SVM,1,56,real,0,0,0.33074431580576896
vas_categorical_baseline,SVM,5,57,real,0,0,0.02259448349274271
vas_categorical_baseline,SVM,5,58,real,1,0,0.36759679953562413
vas_categorical_baseline,SVM,3,59,real,1,0,0.5
vas_categorical_baseline,SVM,4,60,real,0,0,0.015144971976120396
vas_categorical_baseline,SVM,1,61,real,1,0,0.17026419814758495
vas_categorical_baseline,SVM,4,62,real,1,0,0.035406823670261454
vas_categorical_baseline,SVM,4,63,real,0,0,0.2837982448059092
vas_categorical_baseline,SVM,3,64,real,1,1,0.9541205449866881
vas_categorical_baseline,SVM,2,65,real,0,0,0.5256320288671801
vas_categorical_baseline,SVM,5,66,real,0,0,0.23591768923874665
vas_categorical_baseline,SVM,5,67,real,1,0,0.6114097749591113
vas_categorical_baseline,SVM,2,68,real,0,0,0.031235193844901785
vas_categorical_baseline,SVM,5,69,real,0,0,0.6623222956580517
vas_categorical_baseline,SVM,4,70,real,0,0,0.5238089575664009
vas_categorical_baseline,SVM,2,71,real,1,0,0.06141316017480778
vas_categorical_baseline,SVM,1,72,real,0,0,0.17022955760585168
vas_categorical_baseline,SVM,1,73,real,0,0,0.17956692138218272
vas_categorical_baseline,SVM,3,74,real,1,1,0.7547462246399987
vas_categorical_baseline,SVM,4,75,real,0,0,0.003223159538121902
vas_categorical_baseline,SVM,3,76,real,0,0,0.03464874625292019
vas_categorical_baseline,SVM,3,77,real,1,1,0.6566496669508035
vas_categorical_baseline,SVM,3,78,real,1,1,0.8521507981935817
vas_categorical_baseline,SVM,1,79,real,0,0,0.1582717283679661
vas_categorical_baseline,SVM,1,80,real,1,0,0.2382362403719297
vas_categorical_baseline,SVM,2,81,real,1,1,0.9614163338460616
vas_categorical_baseline,SVM,4,82,real,1,0,0.019309940839965314
vas_categorical_baseline,SVM,5,83,real,1,1,0.9576115417559934
vas_categorical_baseline,SVM,3,84,real,0,1,0.6708390064696031
vas_categorical_baseline,SVM,1,85,real,0,0,0.060787791922744555
vas_categorical_baseline,SVM,2,86,real,0,0,0.16913473898528175
vas_categorical_baseline,SVM,3,87,real,0,0,0.18696413598864867
vas_categorical_baseline,SVM,1,88,real,0,0,0.2421414710850487
vas_numeric_baseline,Logistic Regression,5,1,real,1,1,0.5151288932169336
vas_numeric_baseline,Logistic Regression,1,2,real,0,1,0.5918552079396132
vas_numeric_baseline,Logistic Regression,3,3,real,1,1,0.9249599094264971
vas_numeric_baseline,Logistic Regression,3,4,real,1,1,0.6991185765385901
vas_numeric_baseline,Logistic Regression,1,5,real,0,1,0.5604859199434103
vas_numeric_baseline,Logistic Regression,5,6,real,1,1,0.9903563982284632
vas_numeric_baseline,Logistic Regression,3,7,real,0,0,0.221459149084602
vas_numeric_baseline,Logistic Regression,4,8,real,1,1,0.9738042959310196
vas_numeric_baseline,Logistic Regression,5,9,real,1,1,0.9272298844955215
vas_numeric_baseline,Logistic Regression,3,10,real,0,1,0.6903029649120723
vas_numeric_baseline,Logistic Regression,1,11,real,1,1,0.9739362924269649
vas_numeric_baseline,Logistic Regression,2,12,real,0,1,0.7035624828758327
vas_numeric_baseline,Logistic Regression,5,13,real,0,1,0.6790187967926568
vas_numeric_baseline,Logistic Regression,2,14,real,1,1,0.9336762721831401
vas_numeric_baseline,Logistic Regression,2,15,real,0,1,0.9611451460315488
vas_numeric_baseline,Logistic Regression,3,16,real,0,1,0.5412104808241461
vas_numeric_baseline,Logistic Regression,1,17,real,1,1,0.6165806865622544
vas_numeric_baseline,Logistic Regression,1,18,real,0,0,0.3449578133429568
vas_numeric_baseline,Logistic Regression,1,19,real,1,1,0.9885635051884353
vas_numeric_baseline,Logistic Regression,4,20,real,0,0,0.06495877407896436
vas_numeric_baseline,Logistic Regression,1,21,real,1,1,0.9460067603550335
vas_numeric_baseline,Logistic Regression,5,22,real,0,1,0.9004567055313785
vas_numeric_baseline,Logistic Regression,3,23,real,0,1,0.5330484688339058
vas_numeric_baseline,Logistic Regression,4,24,real,1,1,0.8093746101524191
vas_numeric_baseline,Logistic Regression,4,25,real,1,1,0.7529927827915162
vas_numeric_baseline,Logistic Regression,5,26,real,0,0,0.19438908731154733
vas_numeric_baseline,Logistic Regression,4,27,real,0,1,0.9048387140753515
vas_numeric_baseline,Logistic Regression,2,28,real,0,1,0.8771758769540365
vas_numeric_baseline,Logistic Regression,3,29,real,1,1,0.6816436969146399
vas_numeric_baseline,Logistic Regression,2,30,real,0,1,0.6396034161556521
vas_numeric_baseline,Logistic Regression,2,31,real,1,1,0.8656163114218391
vas_numeric_baseline,Logistic Regression,2,32,real,1,1,0.8824074513018189
vas_numeric_baseline,Logistic Regression,5,33,real,1,1,0.8111602085857934
vas_numeric_baseline,Logistic Regression,2,34,real,1,1,0.8818186648916427
vas_numeric_baseline,Logistic Regression,2,35,real,1,1,0.7126178434495094
vas_numeric_baseline,Logistic Regression,2,36,real,1,1,0.9879658173213829
vas_numeric_baseline,Logistic Regression,4,37,real,1,1,0.7370337750239196
vas_numeric_baseline,Logistic Regression,4,38,real,0,0,0.18253838092706043
vas_numeric_baseline,Logistic Regression,3,39,real,0,1,0.713724770112508
vas_numeric_baseline,Logistic Regression,5,40,real,0,0,0.2029603461761852
vas_numeric_baseline,Logistic Regression,5,41,real,0,1,0.6857497527971186
vas_numeric_baseline,Logistic Regression,3,42,real,1,1,0.7652478564064233
vas_numeric_baseline,Logistic Regression,1,43,real,1,1,0.9906064961762946
vas_numeric_baseline,Logistic Regression,4,44,real,1,1,0.5740481245940806
vas_numeric_baseline,Logistic Regression,2,45,real,0,0,0.2083772586447635
vas_numeric_baseline,Logistic Regression,4,46,real,0,0,0.1790556823897699
vas_numeric_baseline,Logistic Regression,5,47,real,0,0,0.44530602470635655
vas_numeric_baseline,Logistic Regression,4,48,real,0,0,0.1361632391568049
vas_numeric_baseline,Logistic Regression,5,49,real,1,1,0.5249204256332167
vas_numeric_baseline,Logistic Regression,1,50,real,1,0,0.39866883941799325
vas_numeric_baseline,Logistic Regression,2,51,real,1,0,0.20117476075101587
vas_numeric_baseline,Logistic Regression,4,52,real,1,1,0.8280952159341499
vas_numeric_baseline,Logistic Regression,2,53,real,0,0,0.20654586101867242
vas_numeric_baseline,Logistic Regression,3,54,real,0,0,0.3294556618932348
vas_numeric_baseline,Logistic Regression,1,55,real,1,1,0.6429419050825339
vas_numeric_baseline,Logistic Regression,1,56,real,0,1,0.6398527915638191
vas_numeric_baseline,Logistic Regression,5,57,real,0,0,0.3286273875445477
vas_numeric_baseline,Logistic Regression,5,58,real,1,0,0.30833628662238444
vas_numeric_baseline,Logistic Regression,3,59,real,1,0,0.2821720472072872
vas_numeric_baseline,Logistic Regression,4,60,real,0,0,0.33797208632977466
vas_numeric_baseline,Logistic Regression,1,61,real,1,0,0.19574705384851432
vas_numeric_baseline,Logistic Regression,4,62,real,1,0,0.05790158396311852
vas_numeric_baseline,Logistic Regression,4,63,real,0,0,0.15314912259553
vas_numeric_baseline,Logistic Regression,3,64,real,1,1,0.8231763740606622
vas_numeric_baseline,Logistic Regression,2,65,real,0,0,0.10632133190829235
vas_numeric_baseline,Logistic Regression,5,66,real,0,0,0.38766245278070555
vas_numeric_baseline,Logistic Regression,5,67,real,1,0,0.41138229252688796
vas_numeric_baseline,Logistic Regression,2,68,real,0,0,0.4035593328695856
vas_numeric_baseline,Logistic Regression,5,69,real,0,1,0.564470375107868
vas_numeric_baseline,Logistic Regression,4,70,real,0,0,0.3418762546952611
vas_numeric_baseline,Logistic Regression,2,71,real,1,0,0.20291071767742777
vas_numeric_baseline,Logistic Regression,1,72,real,0,0,0.23304879903988557
vas_numeric_baseline,Logistic Regression,1,73,real,0,0,0.328834260634941
vas_numeric_baseline,Logistic Regression,3,74,real,1,1,0.7376191087645763
vas_numeric_baseline,Logistic Regression,4,75,real,0,0,0.10781554807897911
vas_numeric_baseline,Logistic Regression,3,76,real,0,0,0.20652231027169288
vas_numeric_baseline,Logistic Regression,3,77,real,1,0,0.4331552127779661
vas_numeric_baseline,Logistic Regression,3,78,real,1,1,0.7194214466280483
vas_numeric_baseline,Logistic Regression,1,79,real,0,0,0.19413704020613315
vas_numeric_baseline,Logistic Regression,1,80,real,1,0,0.21631277800466658
vas_numeric_baseline,Logistic Regression,2,81,real,1,1,0.728690415616495
vas_numeric_baseline,Logistic Regression,4,82,real,1,0,0.3290197543522243
vas_numeric_baseline,Logistic Regression,5,83,real,1,1,0.7706180382247635
vas_numeric_baseline,Logistic Regression,3,84,real,0,1,0.7122691435567907
vas_numeric_baseline,Logistic Regression,1,85,real,0,0,0.1485912056719525
vas_numeric_baseline,Logistic Regression,2,86,real,0,0,0.1807540186947765
vas_numeric_baseline,Logistic Regression,3,87,real,0,0,0.23229703940091462
vas_numeric_baseline,Logistic Regression,1,88,real,0,0,0.21159106254836116
vas_numeric_baseline,KNN,5,1,real,1,0,0.4
vas_numeric_baseline,KNN,1,2,real,0,1,1.0
vas_numeric_baseline,KNN,3,3,real,1,1,1.0
vas_numeric_baseline,KNN,3,4,real,1,1,0.6
vas_numeric_baseline,KNN,1,5,real,0,0,0.0
vas_numeric_baseline,KNN,5,6,real,1,1,1.0
vas_numeric_baseline,KNN,3,7,real,0,0,0.0
vas_numeric_baseline,KNN,4,8,real,1,1,0.6
vas_numeric_baseline,KNN,5,9,real,1,1,1.0
vas_numeric_baseline,KNN,3,10,real,0,1,1.0
vas_numeric_baseline,KNN,1,11,real,1,0,0.0
vas_numeric_baseline,KNN,2,12,real,0,0,0.2
vas_numeric_baseline,KNN,5,13,real,0,1,0.6
vas_numeric_baseline,KNN,2,14,real,1,0,0.4
vas_numeric_baseline,KNN,2,15,real,0,1,1.0
vas_numeric_baseline,KNN,3,16,real,0,1,0.8
vas_numeric_baseline,KNN,1,17,real,1,0,0.0
vas_numeric_baseline,KNN,1,18,real,0,0,0.4
vas_numeric_baseline,KNN,1,19,real,1,0,0.2
vas_numeric_baseline,KNN,4,20,real,0,0,0.0
vas_numeric_baseline,KNN,1,21,real,1,1,0.6
vas_numeric_baseline,KNN,5,22,real,0,1,0.6
vas_numeric_baseline,KNN,3,23,real,0,1,0.8
vas_numeric_baseline,KNN,4,24,real,1,1,1.0
vas_numeric_baseline,KNN,4,25,real,1,0,0.0
vas_numeric_baseline,KNN,5,26,real,0,0,0.0
vas_numeric_baseline,KNN,4,27,real,0,1,1.0
vas_numeric_baseline,KNN,2,28,real,0,1,0.6
vas_numeric_baseline,KNN,3,29,real,1,1,1.0
vas_numeric_baseline,KNN,2,30,real,0,0,0.0
vas_numeric_baseline,KNN,2,31,real,1,1,1.0
vas_numeric_baseline,KNN,2,32,real,1,1,1.0
vas_numeric_baseline,KNN,5,33,real,1,1,1.0
vas_numeric_baseline,KNN,2,34,real,1,1,0.6
vas_numeric_baseline,KNN,2,35,real,1,0,0.2
vas_numeric_baseline,KNN,2,36,real,1,1,1.0
vas_numeric_baseline,KNN,4,37,real,1,1,1.0
vas_numeric_baseline,KNN,4,38,real,0,1,1.0
vas_numeric_baseline,KNN,3,39,real,0,1,1.0
vas_numeric_baseline,KNN,5,40,real,0,1,0.8
vas_numeric_baseline,KNN,5,41,real,0,1,0.6
vas_numeric_baseline,KNN,3,42,real,1,1,1.0
vas_numeric_baseline,KNN,1,43,real,1,1,1.0
vas_numeric_baseline,KNN,4,44,real,1,1,1.0
vas_numeric_baseline,KNN,2,45,real,0,0,0.0
vas_numeric_baseline,KNN,4,46,real,0,1,1.0
vas_numeric_baseline,KNN,5,47,real,0,0,0.0
vas_numeric_baseline,KNN,4,48,real,0,0,0.0
vas_numeric_baseline,KNN,5,49,real,1,1,1.0
vas_numeric_baseline,KNN,1,50,real,1,0,0.4
vas_numeric_baseline,KNN,2,51,real,1,1,0.6
vas_numeric_baseline,KNN,4,52,real,1,0,0.4
vas_numeric_baseline,KNN,2,53,real,0,0,0.0
vas_numeric_baseline,KNN,3,54,real,0,0,0.4
vas_numeric_baseline,KNN,1,55,real,1,0,0.0
vas_numeric_baseline,KNN,1,56,real,0,0,0.0
vas_numeric_baseline,KNN,5,57,real,0,0,0.0
vas_numeric_baseline,KNN,5,58,real,1,1,0.8
vas_numeric_baseline,KNN,3,59,real,1,1,0.8
vas_numeric_baseline,KNN,4,60,real,0,0,0.2
vas_numeric_baseline,KNN,1,61,real,1,0,0.0
vas_numeric_baseline,KNN,4,62,real,1,0,0.0
vas_numeric_baseline,KNN,4,63,real,0,0,0.4
vas_numeric_baseline,KNN,3,64,real,1,1,1.0
vas_numeric_baseline,KNN,2,65,real,0,0,0.4
vas_numeric_baseline,KNN,5,66,real,0,0,0.0
vas_numeric_baseline,KNN,5,67,real,1,1,0.8
vas_numeric_baseline,KNN,2,68,real,0,1,1.0
vas_numeric_baseline,KNN,5,69,real,0,1,0.8
vas_numeric_baseline,KNN,4,70,real,0,1,1.0
vas_numeric_baseline,KNN,2,71,real,1,0,0.0
vas_numeric_baseline,KNN,1,72,real,0,0,0.0
vas_numeric_baseline,KNN,1,73,real,0,0,0.0
vas_numeric_baseline,KNN,3,74,real,1,1,1.0
vas_numeric_baseline,KNN,4,75,real,0,0,0.0
vas_numeric_baseline,KNN,3,76,real,0,0,0.0
vas_numeric_baseline,KNN,3,77,real,1,1,1.0
vas_numeric_baseline,KNN,3,78,real,1,0,0.2
vas_numeric_baseline,KNN,1,79,real,0,0,0.2
vas_numeric_baseline,KNN,1,80,real,1,0,0.4
vas_numeric_baseline,KNN,2,81,real,1,1,1.0
vas_numeric_baseline,KNN,4,82,real,1,0,0.0
vas_numeric_baseline,KNN,5,83,real,1,0,0.4
vas_numeric_baseline,KNN,3,84,real,0,1,0.6
vas_numeric_baseline,KNN,1,85,real,0,0,0.2
vas_numeric_baseline,KNN,2,86,real,0,0,0.0
vas_numeric_baseline,KNN,3,87,real,0,0,0.4
vas_numeric_baseline,KNN,1,88,real,0,1,0.6
vas_numeric_baseline,Decision Tree,5,1,real,1,0,0.48
vas_numeric_baseline,Decision Tree,1,2,real,0,1,0.84
vas_numeric_baseline,Decision Tree,3,3,real,1,0,0.3795180722891566
vas_numeric_baseline,Decision Tree,3,4,real,1,0,0.3795180722891566
vas_numeric_baseline,Decision Tree,1,5,real,0,1,0.84
vas_numeric_baseline,Decision Tree,5,6,real,1,1,1.0
vas_numeric_baseline,Decision Tree,3,7,real,0,0,0.01818181818181818
vas_numeric_baseline,Decision Tree,4,8,real,1,1,1.0
vas_numeric_baseline,Decision Tree,5,9,real,1,1,1.0
vas_numeric_baseline,Decision Tree,3,10,real,0,1,1.0
vas_numeric_baseline,Decision Tree,1,11,real,1,0,0.37735849056603776
vas_numeric_baseline,Decision Tree,2,12,real,0,0,0.463768115942029
vas_numeric_baseline,Decision Tree,5,13,real,0,0,0.48
vas_numeric_baseline,Decision Tree,2,14,real,1,1,0.7755102040816326
vas_numeric_baseline,Decision Tree,2,15,real,0,1,0.7755102040816326
vas_numeric_baseline,Decision Tree,3,16,real,0,0,0.3795180722891566
vas_numeric_baseline,Decision Tree,1,17,real,1,0,0.0
vas_numeric_baseline,Decision Tree,1,18,real,0,1,1.0
vas_numeric_baseline,Decision Tree,1,19,real,1,0,0.37735849056603776
vas_numeric_baseline,Decision Tree,4,20,real,0,0,0.13736263736263737
vas_numeric_baseline,Decision Tree,1,21,real,1,1,0.9166666666666666
vas_numeric_baseline,Decision Tree,5,22,real,0,0,0.48
vas_numeric_baseline,Decision Tree,3,23,real,0,0,0.3795180722891566
vas_numeric_baseline,Decision Tree,4,24,real,1,1,1.0
vas_numeric_baseline,Decision Tree,4,25,real,1,0,0.38666666666666666
vas_numeric_baseline,Decision Tree,5,26,real,0,0,0.043010752688172046
vas_numeric_baseline,Decision Tree,4,27,real,0,1,1.0
vas_numeric_baseline,Decision Tree,2,28,real,0,1,0.7755102040816326
vas_numeric_baseline,Decision Tree,3,29,real,1,1,1.0
vas_numeric_baseline,Decision Tree,2,30,real,0,0,0.463768115942029
vas_numeric_baseline,Decision Tree,2,31,real,1,1,0.7755102040816326
vas_numeric_baseline,Decision Tree,2,32,real,1,1,1.0
vas_numeric_baseline,Decision Tree,5,33,real,1,1,1.0
vas_numeric_baseline,Decision Tree,2,34,real,1,1,0.7755102040816326
vas_numeric_baseline,Decision Tree,2,35,real,1,0,0.463768115942029
vas_numeric_baseline,Decision Tree,2,36,real,1,1,1.0
vas_numeric_baseline,Decision Tree,4,37,real,1,1,1.0
vas_numeric_baseline,Decision Tree,4,38,real,0,1,1.0
vas_numeric_baseline,Decision Tree,3,39,real,0,1,1.0
vas_numeric_baseline,Decision Tree,5,40,real,0,0,0.4411764705882353
vas_numeric_baseline,Decision Tree,5,41,real,0,0,0.48
vas_numeric_baseline,Decision Tree,3,42,real,1,1,1.0
vas_numeric_baseline,Decision Tree,1,43,real,1,1,1.0
vas_numeric_baseline,Decision Tree,4,44,real,1,1,1.0
vas_numeric_baseline,Decision Tree,2,45,real,0,0,0.0
vas_numeric_baseline,Decision Tree,4,46,real,0,0,0.38666666666666666
vas_numeric_baseline,Decision Tree,5,47,real,0,0,0.0625
vas_numeric_baseline,Decision Tree,4,48,real,0,0,0.13736263736263737
vas_numeric_baseline,Decision Tree,5,49,real,1,1,1.0
vas_numeric_baseline,Decision Tree,1,50,real,1,0,0.37735849056603776
vas_numeric_baseline,Decision Tree,2,51,real,1,1,0.7391304347826086
vas_numeric_baseline,Decision Tree,4,52,real,1,1,1.0
vas_numeric_baseline,Decision Tree,2,53,real,0,1,0.7391304347826086
vas_numeric_baseline,Decision Tree,3,54,real,0,0,0.3795180722891566
vas_numeric_baseline,Decision Tree,1,55,real,1,0,0.37735849056603776
vas_numeric_baseline,Decision Tree,1,56,real,0,0,0.37735849056603776
vas_numeric_baseline,Decision Tree,5,57,real,0,0,0.2835820895522388
vas_numeric_baseline,Decision Tree,5,58,real,1,1,0.75
vas_numeric_baseline,Decision Tree,3,59,real,1,1,0.5192307692307693
vas_numeric_baseline,Decision Tree,4,60,real,0,0,0.09090909090909091
vas_numeric_baseline,Decision Tree,1,61,real,1,0,0.01904761904761905
vas_numeric_baseline,Decision Tree,4,62,real,1,0,0.13736263736263737
vas_numeric_baseline,Decision Tree,4,63,real,0,0,0.38666666666666666
vas_numeric_baseline,Decision Tree,3,64,real,1,1,0.9655172413793104
vas_numeric_baseline,Decision Tree,2,65,real,0,0,0.1592356687898089
vas_numeric_baseline,Decision Tree,5,66,real,0,0,0.0625
vas_numeric_baseline,Decision Tree,5,67,real,1,1,0.55
vas_numeric_baseline,Decision Tree,2,68,real,0,0,0.1592356687898089
vas_numeric_baseline,Decision Tree,5,69,real,0,1,0.55
vas_numeric_baseline,Decision Tree,4,70,real,0,1,1.0
vas_numeric_baseline,Decision Tree,2,71,real,1,1,0.7391304347826086
vas_numeric_baseline,Decision Tree,1,72,real,0,0,0.0
vas_numeric_baseline,Decision Tree,1,73,real,0,0,0.0
vas_numeric_baseline,Decision Tree,3,74,real,1,1,1.0
vas_numeric_baseline,Decision Tree,4,75,real,0,0,0.13736263736263737
vas_numeric_baseline,Decision Tree,3,76,real,0,0,0.01818181818181818
vas_numeric_baseline,Decision Tree,3,77,real,1,1,1.0
vas_numeric_baseline,Decision Tree,3,78,real,1,0,0.3795180722891566
vas_numeric_baseline,Decision Tree,1,79,real,0,0,0.01904761904761905
vas_numeric_baseline,Decision Tree,1,80,real,1,1,0.8055555555555556
vas_numeric_baseline,Decision Tree,2,81,real,1,1,1.0
vas_numeric_baseline,Decision Tree,4,82,real,1,0,0.13736263736263737
vas_numeric_baseline,Decision Tree,5,83,real,1,0,0.48
vas_numeric_baseline,Decision Tree,3,84,real,0,1,0.8846153846153846
vas_numeric_baseline,Decision Tree,1,85,real,0,0,0.01904761904761905
vas_numeric_baseline,Decision Tree,2,86,real,0,0,0.1592356687898089
vas_numeric_baseline,Decision Tree,3,87,real,0,1,0.5192307692307693
vas_numeric_baseline,Decision Tree,1,88,real,0,1,0.8055555555555556
vas_numeric_baseline,Random Forest,5,1,real,1,0,0.4138524457121764
vas_numeric_baseline,Random Forest,1,2,real,0,1,0.7164333484610217
vas_numeric_baseline,Random Forest,3,3,real,1,1,0.7189062343055723
vas_numeric_baseline,Random Forest,3,4,real,1,0,0.4421065925579879
vas_numeric_baseline,Random Forest,1,5,real,0,1,0.5368143922894737
vas_numeric_baseline,Random Forest,5,6,real,1,1,0.9788214810488849
vas_numeric_baseline,Random Forest,3,7,real,0,0,0.1610118876775742
vas_numeric_baseline,Random Forest,4,8,real,1,1,0.9677976190476191
vas_numeric_baseline,Random Forest,5,9,real,1,1,0.9571246166938003
vas_numeric_baseline,Random Forest,3,10,real,0,1,0.8970104279763469
vas_numeric_baseline,Random Forest,1,11,real,1,1,0.6688166221363397
vas_numeric_baseline,Random Forest,2,12,real,0,1,0.6087586182892304
vas_numeric_baseline,Random Forest,5,13,real,0,1,0.5637636870910885
vas_numeric_baseline,Random Forest,2,14,real,1,1,0.8038765112444599
vas_numeric_baseline,Random Forest,2,15,real,0,1,0.7771108359658608
vas_numeric_baseline,Random Forest,3,16,real,0,0,0.3876176370533242
vas_numeric_baseline,Random Forest,1,17,real,1,0,0.16988277992427014
vas_numeric_baseline,Random Forest,1,18,real,0,1,0.7474246231222966
vas_numeric_baseline,Random Forest,1,19,real,1,0,0.4796296338900971
vas_numeric_baseline,Random Forest,4,20,real,0,0,0.10862593868249162
vas_numeric_baseline,Random Forest,1,21,real,1,1,0.9104340625123344
vas_numeric_baseline,Random Forest,5,22,real,0,1,0.5866156229064864
vas_numeric_baseline,Random Forest,3,23,real,0,0,0.3846799585239025
vas_numeric_baseline,Random Forest,4,24,real,1,1,0.9404318820565624
vas_numeric_baseline,Random Forest,4,25,real,1,0,0.1738721184459143
vas_numeric_baseline,Random Forest,5,26,real,0,0,0.08799215623687746
vas_numeric_baseline,Random Forest,4,27,real,0,1,0.8751956552219572
vas_numeric_baseline,Random Forest,2,28,real,0,1,0.7249662500430294
vas_numeric_baseline,Random Forest,3,29,real,1,1,0.9317952077685869
vas_numeric_baseline,Random Forest,2,30,real,0,0,0.38880131666918766
vas_numeric_baseline,Random Forest,2,31,real,1,1,0.7295651078901362
vas_numeric_baseline,Random Forest,2,32,real,1,1,0.9805481485683665
vas_numeric_baseline,Random Forest,5,33,real,1,1,0.9567326123429872
vas_numeric_baseline,Random Forest,2,34,real,1,1,0.7252824902851617
vas_numeric_baseline,Random Forest,2,35,real,1,1,0.6673704882278958
vas_numeric_baseline,Random Forest,2,36,real,1,1,0.990781140463322
vas_numeric_baseline,Random Forest,4,37,real,1,1,0.9666960135776956
vas_numeric_baseline,Random Forest,4,38,real,0,1,0.8617887215220772
vas_numeric_baseline,Random Forest,3,39,real,0,1,0.8592191322463661
vas_numeric_baseline,Random Forest,5,40,real,0,0,0.4708106739430764
vas_numeric_baseline,Random Forest,5,41,real,0,1,0.5354568328310935
vas_numeric_baseline,Random Forest,3,42,real,1,1,0.8274520706980139
vas_numeric_baseline,Random Forest,1,43,real,1,1,0.9944090767294833
vas_numeric_baseline,Random Forest,4,44,real,1,1,0.9456442776319187
vas_numeric_baseline,Random Forest,2,45,real,0,0,0.09630971970012656
vas_numeric_baseline,Random Forest,4,46,real,0,1,0.5973424858112449
vas_numeric_baseline,Random Forest,5,47,real,0,0,0.15753604748682082
vas_numeric_baseline,Random Forest,4,48,real,0,0,0.09757743096352084
vas_numeric_baseline,Random Forest,5,49,real,1,1,0.9111949786170083
vas_numeric_baseline,Random Forest,1,50,real,1,0,0.4343802106760345
vas_numeric_baseline,Random Forest,2,51,real,1,1,0.5076962253562494
vas_numeric_baseline,Random Forest,4,52,real,1,1,0.964397032588847
vas_numeric_baseline,Random Forest,2,53,real,0,0,0.32174613395933366
vas_numeric_baseline,Random Forest,3,54,real,0,0,0.33596343647462296
vas_numeric_baseline,Random Forest,1,55,real,1,0,0.35464563966550366
vas_numeric_baseline,Random Forest,1,56,real,0,0,0.36108606322170284
vas_numeric_baseline,Random Forest,5,57,real,0,0,0.20845574682127563
vas_numeric_baseline,Random Forest,5,58,real,1,1,0.6011132449946335
vas_numeric_baseline,Random Forest,3,59,real,1,1,0.526560047880087
vas_numeric_baseline,Random Forest,4,60,real,0,0,0.1701440370261609
vas_numeric_baseline,Random Forest,1,61,real,1,0,0.07694681357654454
vas_numeric_baseline,Random Forest,4,62,real,1,0,0.10862593868249162
vas_numeric_baseline,Random Forest,4,63,real,0,1,0.5862153593746864
vas_numeric_baseline,Random Forest,3,64,real,1,1,0.8969955908497507
vas_numeric_baseline,Random Forest,2,65,real,0,0,0.18431078117931587
vas_numeric_baseline,Random Forest,5,66,real,0,0,0.20475596902311297
vas_numeric_baseline,Random Forest,5,67,real,1,1,0.528497809152639
vas_numeric_baseline,Random Forest,2,68,real,0,0,0.4351506153087446
vas_numeric_baseline,Random Forest,5,69,real,0,1,0.64986791665924
vas_numeric_baseline,Random Forest,4,70,real,0,1,0.628030257857855
vas_numeric_baseline,Random Forest,2,71,real,1,0,0.3004537502475333
vas_numeric_baseline,Random Forest,1,72,real,0,0,0.10650742179131896
vas_numeric_baseline,Random Forest,1,73,real,0,0,0.024763298620399988
vas_numeric_baseline,Random Forest,3,74,real,1,1,0.8282030061844958
vas_numeric_baseline,Random Forest,4,75,real,0,0,0.10936558365290582
vas_numeric_baseline,Random Forest,3,76,real,0,0,0.1610118876775742
vas_numeric_baseline,Random Forest,3,77,real,1,1,0.812674087877913
vas_numeric_baseline,Random Forest,3,78,real,1,0,0.4468199363294235
vas_numeric_baseline,Random Forest,1,79,real,0,0,0.07660663092814272
vas_numeric_baseline,Random Forest,1,80,real,1,0,0.47786455989626453
vas_numeric_baseline,Random Forest,2,81,real,1,1,0.9849375930328543
vas_numeric_baseline,Random Forest,4,82,real,1,0,0.0893537779927293
vas_numeric_baseline,Random Forest,5,83,real,1,1,0.5310659781837576
vas_numeric_baseline,Random Forest,3,84,real,0,1,0.9147863236459819
vas_numeric_baseline,Random Forest,1,85,real,0,0,0.16839833349996558
vas_numeric_baseline,Random Forest,2,86,real,0,0,0.2031015138913056
vas_numeric_baseline,Random Forest,3,87,real,0,0,0.2730793144434527
vas_numeric_baseline,Random Forest,1,88,real,0,1,0.620117397312201
vas_numeric_baseline,SVM,5,1,real,1,0,0.2509384610643694
vas_numeric_baseline,SVM,1,2,real,0,1,0.7377988777433455
vas_numeric_baseline,SVM,3,3,real,1,1,0.8765398577188077
vas_numeric_baseline,SVM,3,4,real,1,0,0.3589285345774018
vas_numeric_baseline,SVM,1,5,real,0,1,0.8652179475938154
vas_numeric_baseline,SVM,5,6,real,1,1,0.8529594906635112
vas_numeric_baseline,SVM,3,7,real,0,0,0.2388262008067513
vas_numeric_baseline,SVM,4,8,real,1,1,0.7825856540568373
vas_numeric_baseline,SVM,5,9,real,1,1,0.9352805400926514
vas_numeric_baseline,SVM,3,10,real,0,1,0.973499926071364
vas_numeric_baseline,SVM,1,11,real,1,0,0.37481238200965816
vas_numeric_baseline,SVM,2,12,real,0,1,0.7770868597012299
vas_numeric_baseline,SVM,5,13,real,0,1,0.8441247509586761
vas_numeric_baseline,SVM,2,14,real,1,1,0.8656633600486112
vas_numeric_baseline,SVM,2,15,real,0,1,0.9211067550752772
vas_numeric_baseline,SVM,3,16,real,0,0,0.26124274626934696
vas_numeric_baseline,SVM,1,17,real,1,0,0.18267352671510265
vas_numeric_baseline,SVM,1,18,real,0,1,0.6592028088567038
vas_numeric_baseline,SVM,1,19,real,1,1,0.6979588061010754
vas_numeric_baseline,SVM,4,20,real,0,0,0.031256778674425834
vas_numeric_baseline,SVM,1,21,real,1,1,0.7111840825680286
vas_numeric_baseline,SVM,5,22,real,0,1,0.8592560687757617
vas_numeric_baseline,SVM,3,23,real,0,0,0.24989955876045578
vas_numeric_baseline,SVM,4,24,real,1,1,0.821530032781675
vas_numeric_baseline,SVM,4,25,real,1,0,0.2416653984942203
vas_numeric_baseline,SVM,5,26,real,0,0,0.13807798659841952
vas_numeric_baseline,SVM,4,27,real,0,1,0.9920885334243476
vas_numeric_baseline,SVM,2,28,real,0,1,0.9160213381846275
vas_numeric_baseline,SVM,3,29,real,1,1,0.8769880187517444
vas_numeric_baseline,SVM,2,30,real,0,0,0.3436497065182987
vas_numeric_baseline,SVM,2,31,real,1,1,0.8432091752796766
vas_numeric_baseline,SVM,2,32,real,1,1,0.9513822061496292
vas_numeric_baseline,SVM,5,33,real,1,1,0.931712532831179
vas_numeric_baseline,SVM,2,34,real,1,1,0.9182981388033143
vas_numeric_baseline,SVM,2,35,real,1,1,0.7455834765893373
vas_numeric_baseline,SVM,2,36,real,1,1,0.9486428696151354
vas_numeric_baseline,SVM,4,37,real,1,1,0.9627017440163934
vas_numeric_baseline,SVM,4,38,real,0,1,0.9187482187975857
vas_numeric_baseline,SVM,3,39,real,0,1,0.978197174787492
vas_numeric_baseline,SVM,5,40,real,0,0,0.21360520948133235
vas_numeric_baseline,SVM,5,41,real,0,1,0.8568695512571836
vas_numeric_baseline,SVM,3,42,real,1,1,0.9717695186060569
vas_numeric_baseline,SVM,1,43,real,1,1,0.896429793705732
vas_numeric_baseline,SVM,4,44,real,1,1,0.911381120233668
vas_numeric_baseline,SVM,2,45,real,0,0,0.19495264423816933
vas_numeric_baseline,SVM,4,46,real,0,0,0.4603882985429236
vas_numeric_baseline,SVM,5,47,real,0,0,0.14370472359633646
vas_numeric_baseline,SVM,4,48,real,0,0,0.10488576527660087
vas_numeric_baseline,SVM,5,49,real,1,1,0.8662134840919427
vas_numeric_baseline,SVM,1,50,real,1,0,0.4520151541187732
vas_numeric_baseline,SVM,2,51,real,1,0,0.22724912197688743
vas_numeric_baseline,SVM,4,52,real,1,0,0.623431774588825
vas_numeric_baseline,SVM,2,53,real,0,0,0.2032368742183422
vas_numeric_baseline,SVM,3,54,real,0,1,0.7352901030329709
vas_numeric_baseline,SVM,1,55,real,1,0,0.22792407432369505
vas_numeric_baseline,SVM,1,56,real,0,0,0.5758445408884285
vas_numeric_baseline,SVM,5,57,real,0,0,0.16826210946158032
vas_numeric_baseline,SVM,5,58,real,1,0,0.38023858357357826
vas_numeric_baseline,SVM,3,59,real,1,0,0.25999892822292153
vas_numeric_baseline,SVM,4,60,real,0,0,0.13787537743378372
vas_numeric_baseline,SVM,1,61,real,1,0,0.20493905275560234
vas_numeric_baseline,SVM,4,62,real,1,0,0.05658677824739665
vas_numeric_baseline,SVM,4,63,real,0,0,0.3294117406552779
vas_numeric_baseline,SVM,3,64,real,1,1,0.916407541945621
vas_numeric_baseline,SVM,2,65,real,0,0,0.3167722797804179
vas_numeric_baseline,SVM,5,66,real,0,0,0.2574307363228346
vas_numeric_baseline,SVM,5,67,real,1,1,0.7246114957907359
vas_numeric_baseline,SVM,2,68,real,0,0,0.2963653959842073
vas_numeric_baseline,SVM,5,69,real,0,1,0.7565228190472965
vas_numeric_baseline,SVM,4,70,real,0,1,0.7167325464078802
vas_numeric_baseline,SVM,2,71,real,1,0,0.2019636143551568
vas_numeric_baseline,SVM,1,72,real,0,0,0.16694723599327402
vas_numeric_baseline,SVM,1,73,real,0,0,0.23205779697824902
vas_numeric_baseline,SVM,3,74,real,1,1,0.9130759916633295
vas_numeric_baseline,SVM,4,75,real,0,0,0.021295460622223504
vas_numeric_baseline,SVM,3,76,real,0,0,0.22434690129725118
vas_numeric_baseline,SVM,3,77,real,1,1,0.7946698860434966
vas_numeric_baseline,SVM,3,78,real,1,0,0.3453549902542483
vas_numeric_baseline,SVM,1,79,real,0,0,0.19456487987522922
vas_numeric_baseline,SVM,1,80,real,1,0,0.2613071598053897
vas_numeric_baseline,SVM,2,81,real,1,1,0.8995813536363988
vas_numeric_baseline,SVM,4,82,real,1,0,0.0863695529324164
vas_numeric_baseline,SVM,5,83,real,1,1,0.6713531292161111
vas_numeric_baseline,SVM,3,84,real,0,1,0.8724389072667901
vas_numeric_baseline,SVM,1,85,real,0,0,0.21244925508718687
vas_numeric_baseline,SVM,2,86,real,0,0,0.18491870409378716
vas_numeric_baseline,SVM,3,87,real,0,0,0.24941496932626317
vas_numeric_baseline,SVM,1,88,real,0,0,0.26850199069273156
womac_candidate,Logistic Regression,5,1,real,1,0,0.49585316049308426
womac_candidate,Logistic Regression,1,2,real,0,1,0.5375770100666752
womac_candidate,Logistic Regression,3,3,real,1,1,0.9236957749138999
womac_candidate,Logistic Regression,3,4,real,1,1,0.6317267848250991
womac_candidate,Logistic Regression,1,5,real,0,1,0.5258567327451509
womac_candidate,Logistic Regression,5,6,real,1,1,0.9751575953260267
womac_candidate,Logistic Regression,3,7,real,0,0,0.22328184351318964
womac_candidate,Logistic Regression,4,8,real,1,1,0.9799078058474463
womac_candidate,Logistic Regression,5,9,real,1,1,0.7927299163111581
womac_candidate,Logistic Regression,3,10,real,0,1,0.5990500608833994
womac_candidate,Logistic Regression,1,11,real,1,1,0.9839661843717077
womac_candidate,Logistic Regression,2,12,real,0,1,0.7212398311564265
womac_candidate,Logistic Regression,5,13,real,0,1,0.5516860478400808
womac_candidate,Logistic Regression,2,14,real,1,1,0.9804082398913642
womac_candidate,Logistic Regression,2,15,real,0,1,0.9885353966720212
womac_candidate,Logistic Regression,3,16,real,0,1,0.5119367210051462
womac_candidate,Logistic Regression,1,17,real,1,1,0.5051462024574509
womac_candidate,Logistic Regression,1,18,real,0,0,0.2930348353290764
womac_candidate,Logistic Regression,1,19,real,1,1,0.9945730700157621
womac_candidate,Logistic Regression,4,20,real,0,0,0.029601620159452717
womac_candidate,Logistic Regression,1,21,real,1,1,0.9756407286508154
womac_candidate,Logistic Regression,5,22,real,0,1,0.7711891747767234
womac_candidate,Logistic Regression,3,23,real,0,1,0.5063968015658197
womac_candidate,Logistic Regression,4,24,real,1,1,0.7536213088321579
womac_candidate,Logistic Regression,4,25,real,1,1,0.7762943660082354
womac_candidate,Logistic Regression,5,26,real,0,0,0.26056070088530925
womac_candidate,Logistic Regression,4,27,real,0,1,0.9181817169314204
womac_candidate,Logistic Regression,2,28,real,0,1,0.9643634911125198
womac_candidate,Logistic Regression,3,29,real,1,1,0.5601203884068029
womac_candidate,Logistic Regression,2,30,real,0,1,0.8521589454839178
womac_candidate,Logistic Regression,2,31,real,1,1,0.9201629139344205
womac_candidate,Logistic Regression,2,32,real,1,1,0.9932195990057089
womac_candidate,Logistic Regression,5,33,real,1,1,0.627400171440733
womac_candidate,Logistic Regression,2,34,real,1,1,0.985007739399554
womac_candidate,Logistic Regression,2,35,real,1,1,0.7705773624875745
womac_candidate,Logistic Regression,2,36,real,1,1,0.9711863758196514
womac_candidate,Logistic Regression,4,37,real,1,1,0.7688751180025941
womac_candidate,Logistic Regression,4,38,real,0,0,0.13986620707922692
womac_candidate,Logistic Regression,3,39,real,0,1,0.6348409010006797
womac_candidate,Logistic Regression,5,40,real,0,0,0.23326411174737077
womac_candidate,Logistic Regression,5,41,real,0,1,0.5838015639703147
womac_candidate,Logistic Regression,3,42,real,1,1,0.7625320834336627
womac_candidate,Logistic Regression,1,43,real,1,1,0.9951689789867177
womac_candidate,Logistic Regression,4,44,real,1,1,0.5522298705228486
womac_candidate,Logistic Regression,2,45,real,0,0,0.17536263233950597
womac_candidate,Logistic Regression,4,46,real,0,0,0.14248527075029055
womac_candidate,Logistic Regression,5,47,real,0,0,0.4205415494106449
womac_candidate,Logistic Regression,4,48,real,0,0,0.09005493319046043
womac_candidate,Logistic Regression,5,49,real,1,0,0.44315479829868515
womac_candidate,Logistic Regression,1,50,real,1,0,0.39842634634221247
womac_candidate,Logistic Regression,2,51,real,1,0,0.1829462039223288
womac_candidate,Logistic Regression,4,52,real,1,1,0.8776099695624389
womac_candidate,Logistic Regression,2,53,real,0,0,0.21198827012108037
womac_candidate,Logistic Regression,3,54,real,0,0,0.35591273696473613
womac_candidate,Logistic Regression,1,55,real,1,1,0.6199112199348453
womac_candidate,Logistic Regression,1,56,real,0,1,0.6163137599209468
womac_candidate,Logistic Regression,5,57,real,0,0,0.2866226410273362
womac_candidate,Logistic Regression,5,58,real,1,0,0.2957841271322683
womac_candidate,Logistic Regression,3,59,real,1,0,0.27841725035990467
womac_candidate,Logistic Regression,4,60,real,0,0,0.36614100544666783
womac_candidate,Logistic Regression,1,61,real,1,0,0.10985324447135732
womac_candidate,Logistic Regression,4,62,real,1,0,0.02420085678860599
womac_candidate,Logistic Regression,4,63,real,0,0,0.1381279792537996
womac_candidate,Logistic Regression,3,64,real,1,1,0.7709476110337177
womac_candidate,Logistic Regression,2,65,real,0,0,0.1035487538329286
womac_candidate,Logistic Regression,5,66,real,0,0,0.37059862596166093
womac_candidate,Logistic Regression,5,67,real,1,0,0.3928368007797761
womac_candidate,Logistic Regression,2,68,real,0,0,0.4188092770384492
womac_candidate,Logistic Regression,5,69,real,0,0,0.443664542381318
womac_candidate,Logistic Regression,4,70,real,0,0,0.29575373908279434
womac_candidate,Logistic Regression,2,71,real,1,0,0.24398951740584449
womac_candidate,Logistic Regression,1,72,real,0,0,0.13817180362081566
womac_candidate,Logistic Regression,1,73,real,0,0,0.2188349289331616
womac_candidate,Logistic Regression,3,74,real,1,1,0.5772891753152765
womac_candidate,Logistic Regression,4,75,real,0,0,0.06642018463242866
womac_candidate,Logistic Regression,3,76,real,0,0,0.2130521580534627
womac_candidate,Logistic Regression,3,77,real,1,0,0.3282949233695988
womac_candidate,Logistic Regression,3,78,real,1,1,0.6726044386200715
womac_candidate,Logistic Regression,1,79,real,0,0,0.11433660838511461
womac_candidate,Logistic Regression,1,80,real,1,0,0.12089728139618737
womac_candidate,Logistic Regression,2,81,real,1,1,0.6004763166414342
womac_candidate,Logistic Regression,4,82,real,1,0,0.2822076407510143
womac_candidate,Logistic Regression,5,83,real,1,1,0.7332929240433107
womac_candidate,Logistic Regression,3,84,real,0,1,0.6554314550542181
womac_candidate,Logistic Regression,1,85,real,0,0,0.08650624619977727
womac_candidate,Logistic Regression,2,86,real,0,0,0.3058558171161214
womac_candidate,Logistic Regression,3,87,real,0,0,0.2514184253000089
womac_candidate,Logistic Regression,1,88,real,0,0,0.1200506945694555
womac_candidate,KNN,5,1,real,1,0,0.0
womac_candidate,KNN,1,2,real,0,0,0.0
womac_candidate,KNN,3,3,real,1,1,1.0
womac_candidate,KNN,3,4,real,1,1,0.8
womac_candidate,KNN,1,5,real,0,1,0.6
womac_candidate,KNN,5,6,real,1,1,1.0
womac_candidate,KNN,3,7,real,0,0,0.0
womac_candidate,KNN,4,8,real,1,1,0.6
womac_candidate,KNN,5,9,real,1,1,1.0
womac_candidate,KNN,3,10,real,0,1,0.6
womac_candidate,KNN,1,11,real,1,1,0.8
womac_candidate,KNN,2,12,real,0,0,0.0
womac_candidate,KNN,5,13,real,0,1,1.0
womac_candidate,KNN,2,14,real,1,1,0.8
womac_candidate,KNN,2,15,real,0,1,1.0
womac_candidate,KNN,3,16,real,0,1,0.6
womac_candidate,KNN,1,17,real,1,1,0.8
womac_candidate,KNN,1,18,real,0,0,0.4
womac_candidate,KNN,1,19,real,1,1,0.8
womac_candidate,KNN,4,20,real,0,0,0.0
womac_candidate,KNN,1,21,real,1,1,0.6
womac_candidate,KNN,5,22,real,0,1,0.8
womac_candidate,KNN,3,23,real,0,1,0.6
womac_candidate,KNN,4,24,real,1,1,1.0
womac_candidate,KNN,4,25,real,1,1,0.6
womac_candidate,KNN,5,26,real,0,0,0.2
womac_candidate,KNN,4,27,real,0,1,0.8
womac_candidate,KNN,2,28,real,0,0,0.2
womac_candidate,KNN,3,29,real,1,1,1.0
womac_candidate,KNN,2,30,real,0,0,0.0
womac_candidate,KNN,2,31,real,1,0,0.4
womac_candidate,KNN,2,32,real,1,1,1.0
womac_candidate,KNN,5,33,real,1,1,1.0
womac_candidate,KNN,2,34,real,1,1,1.0
womac_candidate,KNN,2,35,real,1,0,0.4
womac_candidate,KNN,2,36,real,1,1,1.0
womac_candidate,KNN,4,37,real,1,1,1.0
womac_candidate,KNN,4,38,real,0,1,0.8
womac_candidate,KNN,3,39,real,0,1,1.0
womac_candidate,KNN,5,40,real,0,0,0.0
womac_candidate,KNN,5,41,real,0,1,0.8
womac_candidate,KNN,3,42,real,1,1,1.0
womac_candidate,KNN,1,43,real,1,1,1.0
womac_candidate,KNN,4,44,real,1,1,1.0
womac_candidate,KNN,2,45,real,0,0,0.0
womac_candidate,KNN,4,46,real,0,0,0.0
womac_candidate,KNN,5,47,real,0,0,0.0
womac_candidate,KNN,4,48,real,0,0,0.0
womac_candidate,KNN,5,49,real,1,1,1.0
womac_candidate,KNN,1,50,real,1,0,0.4
womac_candidate,KNN,2,51,real,1,1,1.0
womac_candidate,KNN,4,52,real,1,1,0.6
womac_candidate,KNN,2,53,real,0,0,0.0
womac_candidate,KNN,3,54,real,0,0,0.4
womac_candidate,KNN,1,55,real,1,0,0.0
womac_candidate,KNN,1,56,real,0,0,0.2
womac_candidate,KNN,5,57,real,0,0,0.2
womac_candidate,KNN,5,58,real,1,1,0.6
womac_candidate,KNN,3,59,real,1,1,1.0
womac_candidate,KNN,4,60,real,0,0,0.0
womac_candidate,KNN,1,61,real,1,0,0.0
womac_candidate,KNN,4,62,real,1,0,0.0
womac_candidate,KNN,4,63,real,0,0,0.4
womac_candidate,KNN,3,64,real,1,1,1.0
womac_candidate,KNN,2,65,real,0,0,0.4
womac_candidate,KNN,5,66,real,0,0,0.0
womac_candidate,KNN,5,67,real,1,0,0.0
womac_candidate,KNN,2,68,real,0,0,0.2
womac_candidate,KNN,5,69,real,0,1,0.8
womac_candidate,KNN,4,70,real,0,1,1.0
womac_candidate,KNN,2,71,real,1,0,0.0
womac_candidate,KNN,1,72,real,0,0,0.0
womac_candidate,KNN,1,73,real,0,0,0.0
womac_candidate,KNN,3,74,real,1,0,0.4
womac_candidate,KNN,4,75,real,0,0,0.0
womac_candidate,KNN,3,76,real,0,0,0.0
womac_candidate,KNN,3,77,real,1,1,1.0
womac_candidate,KNN,3,78,real,1,1,0.8
womac_candidate,KNN,1,79,real,0,0,0.4
womac_candidate,KNN,1,80,real,1,0,0.0
womac_candidate,KNN,2,81,real,1,0,0.2
womac_candidate,KNN,4,82,real,1,0,0.0
womac_candidate,KNN,5,83,real,1,1,1.0
womac_candidate,KNN,3,84,real,0,0,0.4
womac_candidate,KNN,1,85,real,0,0,0.2
womac_candidate,KNN,2,86,real,0,1,0.8
womac_candidate,KNN,3,87,real,0,1,0.8
womac_candidate,KNN,1,88,real,0,0,0.4
womac_candidate,Decision Tree,5,1,real,1,0,0.22981366459627328
womac_candidate,Decision Tree,1,2,real,0,0,0.1
womac_candidate,Decision Tree,3,3,real,1,0,0.38028169014084506
womac_candidate,Decision Tree,3,4,real,1,0,0.38028169014084506
womac_candidate,Decision Tree,1,5,real,0,0,0.1
womac_candidate,Decision Tree,5,6,real,1,1,0.9259259259259259
womac_candidate,Decision Tree,3,7,real,0,0,0.0
womac_candidate,Decision Tree,4,8,real,1,1,1.0
womac_candidate,Decision Tree,5,9,real,1,1,1.0
womac_candidate,Decision Tree,3,10,real,0,1,0.9545454545454546
womac_candidate,Decision Tree,1,11,real,1,0,0.5
womac_candidate,Decision Tree,2,12,real,0,0,0.15625
womac_candidate,Decision Tree,5,13,real,0,1,0.5454545454545454
womac_candidate,Decision Tree,2,14,real,1,1,1.0
womac_candidate,Decision Tree,2,15,real,0,1,1.0
womac_candidate,Decision Tree,3,16,real,0,0,0.38028169014084506
womac_candidate,Decision Tree,1,17,real,1,1,1.0
womac_candidate,Decision Tree,1,18,real,0,1,1.0
womac_candidate,Decision Tree,1,19,real,1,0,0.5
womac_candidate,Decision Tree,4,20,real,0,0,0.0
womac_candidate,Decision Tree,1,21,real,1,1,1.0
womac_candidate,Decision Tree,5,22,real,0,0,0.0
womac_candidate,Decision Tree,3,23,real,0,0,0.38028169014084506
womac_candidate,Decision Tree,4,24,real,1,0,0.3333333333333333
womac_candidate,Decision Tree,4,25,real,1,0,0.019230769230769232
womac_candidate,Decision Tree,5,26,real,0,0,0.22981366459627328
womac_candidate,Decision Tree,4,27,real,0,0,0.3333333333333333
womac_candidate,Decision Tree,2,28,real,0,1,1.0
womac_candidate,Decision Tree,3,29,real,1,1,1.0
womac_candidate,Decision Tree,2,30,real,0,0,0.15625
womac_candidate,Decision Tree,2,31,real,1,1,1.0
womac_candidate,Decision Tree,2,32,real,1,1,1.0
womac_candidate,Decision Tree,5,33,real,1,1,1.0
womac_candidate,Decision Tree,2,34,real,1,1,1.0
womac_candidate,Decision Tree,2,35,real,1,0,0.15625
womac_candidate,Decision Tree,2,36,real,1,0,0.3333333333333333
womac_candidate,Decision Tree,4,37,real,1,1,1.0
womac_candidate,Decision Tree,4,38,real,0,1,0.6082474226804123
womac_candidate,Decision Tree,3,39,real,0,1,0.9545454545454546
womac_candidate,Decision Tree,5,40,real,0,1,0.5454545454545454
womac_candidate,Decision Tree,5,41,real,0,1,0.5454545454545454
womac_candidate,Decision Tree,3,42,real,1,1,1.0
womac_candidate,Decision Tree,1,43,real,1,0,0.5
womac_candidate,Decision Tree,4,44,real,1,1,1.0
womac_candidate,Decision Tree,2,45,real,0,0,0.0
womac_candidate,Decision Tree,4,46,real,0,1,0.6082474226804123
womac_candidate,Decision Tree,5,47,real,0,1,0.5454545454545454
womac_candidate,Decision Tree,4,48,real,0,0,0.0
womac_candidate,Decision Tree,5,49,real,1,1,0.9
womac_candidate,Decision Tree,1,50,real,1,0,0.1
womac_candidate,Decision Tree,2,51,real,1,0,0.3157894736842105
womac_candidate,Decision Tree,4,52,real,1,1,1.0
womac_candidate,Decision Tree,2,53,real,0,0,0.3157894736842105
womac_candidate,Decision Tree,3,54,real,0,0,0.1864406779661017
womac_candidate,Decision Tree,1,55,real,1,0,0.1
womac_candidate,Decision Tree,1,56,real,0,0,0.1
womac_candidate,Decision Tree,5,57,real,0,0,0.0
womac_candidate,Decision Tree,5,58,real,1,0,0.36363636363636365
womac_candidate,Decision Tree,3,59,real,1,1,0.6105263157894737
womac_candidate,Decision Tree,4,60,real,0,0,0.038461538461538464
womac_candidate,Decision Tree,1,61,real,1,0,0.1
womac_candidate,Decision Tree,4,62,real,1,0,0.0
womac_candidate,Decision Tree,4,63,real,0,1,0.6082474226804123
womac_candidate,Decision Tree,3,64,real,1,1,1.0
womac_candidate,Decision Tree,2,65,real,0,0,0.0
womac_candidate,Decision Tree,5,66,real,0,1,0.5454545454545454
womac_candidate,Decision Tree,5,67,real,1,1,0.5454545454545454
womac_candidate,Decision Tree,2,68,real,0,0,0.3157894736842105
womac_candidate,Decision Tree,5,69,real,0,0,0.36363636363636365
womac_candidate,Decision Tree,4,70,real,0,0,0.038461538461538464
womac_candidate,Decision Tree,2,71,real,1,1,1.0
womac_candidate,Decision Tree,1,72,real,0,0,0.0
womac_candidate,Decision Tree,1,73,real,0,0,0.0967741935483871
womac_candidate,Decision Tree,3,74,real,1,1,1.0
womac_candidate,Decision Tree,4,75,real,0,0,0.0
womac_candidate,Decision Tree,3,76,real,0,0,0.0
womac_candidate,Decision Tree,3,77,real,1,1,1.0
womac_candidate,Decision Tree,3,78,real,1,0,0.38028169014084506
womac_candidate,Decision Tree,1,79,real,0,0,0.0
womac_candidate,Decision Tree,1,80,real,1,0,0.1
womac_candidate,Decision Tree,2,81,real,1,1,1.0
womac_candidate,Decision Tree,4,82,real,1,0,0.0
womac_candidate,Decision Tree,5,83,real,1,1,1.0
womac_candidate,Decision Tree,3,84,real,0,0,0.0
womac_candidate,Decision Tree,1,85,real,0,1,0.5849056603773585
womac_candidate,Decision Tree,2,86,real,0,1,1.0
womac_candidate,Decision Tree,3,87,real,0,1,0.6105263157894737
womac_candidate,Decision Tree,1,88,real,0,0,0.1
womac_candidate,Random Forest,5,1,real,1,0,0.16523813780180568
womac_candidate,Random Forest,1,2,real,0,0,0.27027400631779025
womac_candidate,Random Forest,3,3,real,1,1,0.8616472856059713
womac_candidate,Random Forest,3,4,real,1,0,0.4794483138187331
womac_candidate,Random Forest,1,5,real,0,0,0.36975215921339827
womac_candidate,Random Forest,5,6,real,1,1,0.9577729259304573
womac_candidate,Random Forest,3,7,real,0,0,0.03686314042441937
womac_candidate,Random Forest,4,8,real,1,1,0.9213699495611058
womac_candidate,Random Forest,5,9,real,1,1,0.893997320160348
womac_candidate,Random Forest,3,10,real,0,1,0.5359481286345679
womac_candidate,Random Forest,1,11,real,1,1,0.8255291560348662
womac_candidate,Random Forest,2,12,real,0,1,0.5405367531149905
womac_candidate,Random Forest,5,13,real,0,1,0.5667341457731226
womac_candidate,Random Forest,2,14,real,1,1,0.9402365825510803
womac_candidate,Random Forest,2,15,real,0,1,0.9405289336904119
womac_candidate,Random Forest,3,16,real,0,0,0.39988325309278944
womac_candidate,Random Forest,1,17,real,1,1,0.5162361639388945
womac_candidate,Random Forest,1,18,real,0,0,0.32524296108547773
womac_candidate,Random Forest,1,19,real,1,1,0.7886977088232575
womac_candidate,Random Forest,4,20,real,0,0,0.22490319277712711
womac_candidate,Random Forest,1,21,real,1,1,0.8628387811945579
womac_candidate,Random Forest,5,22,real,0,1,0.6120344457212503
womac_candidate,Random Forest,3,23,real,0,0,0.41515212445623073
womac_candidate,Random Forest,4,24,real,1,1,0.8968221853334636
womac_candidate,Random Forest,4,25,real,1,0,0.4184577197859026
womac_candidate,Random Forest,5,26,real,0,0,0.33953589606878465
womac_candidate,Random Forest,4,27,real,0,1,0.7148545042757154
womac_candidate,Random Forest,2,28,real,0,1,0.9824367637120526
womac_candidate,Random Forest,3,29,real,1,1,0.7383877210744199
womac_candidate,Random Forest,2,30,real,0,0,0.26154256947741905
womac_candidate,Random Forest,2,31,real,1,1,0.9305280547868717
womac_candidate,Random Forest,2,32,real,1,1,0.9998684210526315
womac_candidate,Random Forest,5,33,real,1,1,0.9790545858896063
womac_candidate,Random Forest,2,34,real,1,1,0.9814752252505141
womac_candidate,Random Forest,2,35,real,1,1,0.6630374305104872
womac_candidate,Random Forest,2,36,real,1,1,0.9695426829268292
womac_candidate,Random Forest,4,37,real,1,1,0.9164395670121582
womac_candidate,Random Forest,4,38,real,0,1,0.6966781415572763
womac_candidate,Random Forest,3,39,real,0,1,0.6121480222018313
womac_candidate,Random Forest,5,40,real,0,0,0.37721323289382674
womac_candidate,Random Forest,5,41,real,0,1,0.5584611492127621
womac_candidate,Random Forest,3,42,real,1,1,0.9857009167217693
womac_candidate,Random Forest,1,43,real,1,1,0.9124238352991096
womac_candidate,Random Forest,4,44,real,1,1,0.6633311099840327
womac_candidate,Random Forest,2,45,real,0,0,0.03762134664141247
womac_candidate,Random Forest,4,46,real,0,0,0.0960059820280776
womac_candidate,Random Forest,5,47,real,0,0,0.38602055599675855
womac_candidate,Random Forest,4,48,real,0,0,0.24966234293402248
womac_candidate,Random Forest,5,49,real,1,1,0.6943953136001271
womac_candidate,Random Forest,1,50,real,1,0,0.1606467669189245
womac_candidate,Random Forest,2,51,real,1,0,0.45197287448085666
womac_candidate,Random Forest,4,52,real,1,1,0.9853993782584561
womac_candidate,Random Forest,2,53,real,0,0,0.24543940061519842
womac_candidate,Random Forest,3,54,real,0,0,0.294906286861008
womac_candidate,Random Forest,1,55,real,1,0,0.18480523060250242
womac_candidate,Random Forest,1,56,real,0,0,0.41647088449718256
womac_candidate,Random Forest,5,57,real,0,0,0.03721412715797219
womac_candidate,Random Forest,5,58,real,1,0,0.42289459124051026
womac_candidate,Random Forest,3,59,real,1,1,0.5641997960411402
womac_candidate,Random Forest,4,60,real,0,0,0.027228361472244535
womac_candidate,Random Forest,1,61,real,1,0,0.2162363134704592
womac_candidate,Random Forest,4,62,real,1,0,0.19745839575355986
womac_candidate,Random Forest,4,63,real,0,0,0.4924788497651841
womac_candidate,Random Forest,3,64,real,1,1,0.8645290561533361
womac_candidate,Random Forest,2,65,real,0,0,0.07761697915443973
womac_candidate,Random Forest,5,66,real,0,0,0.41653821168676985
womac_candidate,Random Forest,5,67,real,1,0,0.3559650388445423
womac_candidate,Random Forest,2,68,real,0,0,0.31954466004621734
womac_candidate,Random Forest,5,69,real,0,0,0.3368788351676425
womac_candidate,Random Forest,4,70,real,0,0,0.4213308826749877
womac_candidate,Random Forest,2,71,real,1,1,0.5352929901431385
womac_candidate,Random Forest,1,72,real,0,0,0.05356918527153704
womac_candidate,Random Forest,1,73,real,0,0,0.019582275039987607
womac_candidate,Random Forest,3,74,real,1,1,0.7479755798890644
womac_candidate,Random Forest,4,75,real,0,0,0.016840315696690394
womac_candidate,Random Forest,3,76,real,0,0,0.03686314042441937
womac_candidate,Random Forest,3,77,real,1,1,0.732648562201456
womac_candidate,Random Forest,3,78,real,1,1,0.5087355607981556
womac_candidate,Random Forest,1,79,real,0,0,0.07794625350690493
womac_candidate,Random Forest,1,80,real,1,0,0.2172201386616457
womac_candidate,Random Forest,2,81,real,1,1,0.6868313499136421
womac_candidate,Random Forest,4,82,real,1,0,0.2676344002757291
womac_candidate,Random Forest,5,83,real,1,1,0.9158221277821795
womac_candidate,Random Forest,3,84,real,0,0,0.405603326422249
womac_candidate,Random Forest,1,85,real,0,0,0.29707483552537
womac_candidate,Random Forest,2,86,real,0,1,0.6334143880432772
womac_candidate,Random Forest,3,87,real,0,1,0.5171641876325839
womac_candidate,Random Forest,1,88,real,0,0,0.2661223035322308
womac_candidate,SVM,5,1,real,1,0,0.13009293455658835
womac_candidate,SVM,1,2,real,0,0,0.10135633924975257
womac_candidate,SVM,3,3,real,1,1,0.9718302665485056
womac_candidate,SVM,3,4,real,1,0,0.3423021882496569
womac_candidate,SVM,1,5,real,0,0,0.39109001917825836
womac_candidate,SVM,5,6,real,1,1,0.9830285283992817
womac_candidate,SVM,3,7,real,0,0,0.16733658525834982
womac_candidate,SVM,4,8,real,1,1,0.9431706138160326
womac_candidate,SVM,5,9,real,1,1,0.9999941302964488
womac_candidate,SVM,3,10,real,0,1,0.8938984875866717
womac_candidate,SVM,1,11,real,1,1,0.9775793843608487
womac_candidate,SVM,2,12,real,0,0,0.48007624324194764
womac_candidate,SVM,5,13,real,0,0,0.20414585674151245
womac_candidate,SVM,2,14,real,1,1,0.949625333891862
womac_candidate,SVM,2,15,real,0,1,0.9885049760894586
womac_candidate,SVM,3,16,real,0,0,0.3896388402528274
womac_candidate,SVM,1,17,real,1,1,0.8712516512070045
womac_candidate,SVM,1,18,real,0,1,0.7142537513029691
womac_candidate,SVM,1,19,real,1,1,0.9559963596840944
womac_candidate,SVM,4,20,real,0,0,0.05052559974248704
womac_candidate,SVM,1,21,real,1,1,0.8638788357764408
womac_candidate,SVM,5,22,real,0,1,0.9974080718420072
womac_candidate,SVM,3,23,real,0,0,0.36914645743832214
womac_candidate,SVM,4,24,real,1,1,0.9588213027383367
womac_candidate,SVM,4,25,real,1,0,0.7460992356395095
womac_candidate,SVM,5,26,real,0,0,0.31852457277578167
womac_candidate,SVM,4,27,real,0,1,0.9999997447458708
womac_candidate,SVM,2,28,real,0,1,0.9248932124960536
womac_candidate,SVM,3,29,real,1,1,0.9402227109746815
womac_candidate,SVM,2,30,real,0,0,0.18748705547975747
womac_candidate,SVM,2,31,real,1,1,0.8398381768561632
womac_candidate,SVM,2,32,real,1,1,0.9311025145165752
womac_candidate,SVM,5,33,real,1,1,0.9940342671503073
womac_candidate,SVM,2,34,real,1,1,0.9352207755541493
womac_candidate,SVM,2,35,real,1,0,0.5846593040194243
womac_candidate,SVM,2,36,real,1,1,0.9999985707356457
womac_candidate,SVM,4,37,real,1,1,0.9943502809761918
womac_candidate,SVM,4,38,real,0,1,0.9755667234886573
womac_candidate,SVM,3,39,real,0,1,0.9050878726049837
womac_candidate,SVM,5,40,real,0,0,0.05542757377931229
womac_candidate,SVM,5,41,real,0,0,0.2879126271869125
womac_candidate,SVM,3,42,real,1,1,0.9722124548740716
womac_candidate,SVM,1,43,real,1,1,0.9009388844080717
womac_candidate,SVM,4,44,real,1,1,0.9732845490243047
womac_candidate,SVM,2,45,real,0,0,0.18517386347188733
womac_candidate,SVM,4,46,real,0,0,0.25687455474495585
womac_candidate,SVM,5,47,real,0,0,0.4594151438994526
womac_candidate,SVM,4,48,real,0,0,0.10181320949978556
womac_candidate,SVM,5,49,real,1,1,0.9161927470824752
womac_candidate,SVM,1,50,real,1,0,0.3863595786948967
womac_candidate,SVM,2,51,real,1,0,0.18601649171837648
womac_candidate,SVM,4,52,real,1,1,0.7845956971181627
womac_candidate,SVM,2,53,real,0,0,0.1510679415075432
womac_candidate,SVM,3,54,real,0,1,0.7529317534931202
womac_candidate,SVM,1,55,real,1,0,0.13389159464402564
womac_candidate,SVM,1,56,real,0,0,0.2879413642719519
womac_candidate,SVM,5,57,real,0,0,0.023025166336681637
womac_candidate,SVM,5,58,real,1,0,0.26814026708761074
womac_candidate,SVM,3,59,real,1,0,0.3075599783737388
womac_candidate,SVM,4,60,real,0,0,0.02637441670557268
womac_candidate,SVM,1,61,real,1,0,0.11879084976925602
womac_candidate,SVM,4,62,real,1,0,0.06074346479890692
womac_candidate,SVM,4,63,real,0,0,0.4656704259627833
womac_candidate,SVM,3,64,real,1,1,0.9784620956800628
womac_candidate,SVM,2,65,real,0,0,0.5579518922333722
womac_candidate,SVM,5,66,real,0,0,0.4598032316761751
womac_candidate,SVM,5,67,real,1,1,0.7956468817866613
womac_candidate,SVM,2,68,real,0,0,0.11142459151725974
womac_candidate,SVM,5,69,real,0,0,0.08184119468527741
womac_candidate,SVM,4,70,real,0,0,0.68178973934
womac_candidate,SVM,2,71,real,1,0,0.23195320016426166
womac_candidate,SVM,1,72,real,0,0,0.12828871902052255
womac_candidate,SVM,1,73,real,0,0,0.13641777628244098
womac_candidate,SVM,3,74,real,1,1,0.7524426152226275
womac_candidate,SVM,4,75,real,0,0,0.053020441247279226
womac_candidate,SVM,3,76,real,0,0,0.13776993175869837
womac_candidate,SVM,3,77,real,1,1,0.947855111735493
womac_candidate,SVM,3,78,real,1,0,0.35775996197515797
womac_candidate,SVM,1,79,real,0,0,0.16967245921257507
womac_candidate,SVM,1,80,real,1,0,0.1714561224904724
womac_candidate,SVM,2,81,real,1,0,0.6263817300864162
womac_candidate,SVM,4,82,real,1,0,0.05268677722311713
womac_candidate,SVM,5,83,real,1,1,0.8951249748015626
womac_candidate,SVM,3,84,real,0,0,0.6517798970416332
womac_candidate,SVM,1,85,real,0,0,0.19901536645624812
womac_candidate,SVM,2,86,real,0,0,0.2610638564809543
womac_candidate,SVM,3,87,real,0,0,0.2591408420777944
womac_candidate,SVM,1,88,real,0,0,0.16084545170002912
