Configuration,Configuration Label,Model,Accuracy Mean,Accuracy Std,Precision Mean,Precision Std,Recall Mean,Recall Std,F1 Mean,F1 Std
vas_categorical_baseline,4-feature baseline; VAS categorical in SMOTENC,Logistic Regression,0.7163398692810458,0.06860410433879788,0.7045054945054945,0.10518096721951962,0.7666666666666666,0.08002700161604406,0.7273327704287456,0.04876334141493302
vas_categorical_baseline,4-feature baseline; VAS categorical in SMOTENC,KNN,0.6823529411764706,0.0611119848946654,0.678076923076923,0.05674869338745545,0.7,0.23044676147983334,0.6656862143704249,0.1272323180185022
vas_categorical_baseline,4-feature baseline; VAS categorical in SMOTENC,Decision Tree,0.692156862745098,0.08974739208898672,0.7341269841269842,0.10506509757836291,0.5805555555555555,0.17021681888726145,0.6378632478632478,0.13692817195509951
vas_categorical_baseline,4-feature baseline; VAS categorical in SMOTENC,Random Forest,0.692156862745098,0.08974739208898672,0.6954545454545454,0.08826832278030619,0.675,0.2128220145486439,0.6666867772750126,0.14132443663160618
vas_categorical_baseline,4-feature baseline; VAS categorical in SMOTENC,SVM,0.6705882352941177,0.07135117829877696,0.6911904761904761,0.04757140473806544,0.5833333333333333,0.2113211674264297,0.6135448916408668,0.16217280100632975
vas_numeric_baseline,4-feature baseline; VAS numeric in SMOTENC,Logistic Regression,0.6830065359477124,0.0817646797594562,0.6687012987012987,0.11019033877247983,0.7444444444444445,0.04564354645876386,0.7,0.05773502691896261
vas_numeric_baseline,4-feature baseline; VAS numeric in SMOTENC,KNN,0.5901960784313725,0.07669649888473702,0.5655011655011655,0.07366391507661224,0.6055555555555555,0.256399572426985,0.5666421298000245,0.1669731048175397
vas_numeric_baseline,4-feature baseline; VAS numeric in SMOTENC,Decision Tree,0.6607843137254902,0.1496931801606035,0.6475974025974026,0.15890719580857132,0.6527777777777778,0.20506698694768613,0.6463157894736842,0.17429964726301395
vas_numeric_baseline,4-feature baseline; VAS numeric in SMOTENC,Random Forest,0.6359477124183007,0.1418391009440751,0.5984415584415583,0.12932156873334222,0.7,0.23044676147983334,0.6408479532163743,0.17443412494251676
vas_numeric_baseline,4-feature baseline; VAS numeric in SMOTENC,SVM,0.6137254901960785,0.08135220366701675,0.5942857142857142,0.07185586479976737,0.6055555555555555,0.1867526257107957,0.5936842105263158,0.1307788539818843
womac_candidate,5-feature WOMAC candidate; VAS categorical in SMOTENC,Logistic Regression,0.6712418300653595,0.09184111300512185,0.6629870129870129,0.11526761552674102,0.6944444444444444,0.11785113019775792,0.6733333333333332,0.09545214042184237
womac_candidate,5-feature WOMAC candidate; VAS categorical in SMOTENC,KNN,0.6816993464052288,0.031140207188422475,0.685934065934066,0.09389286624847412,0.7,0.143533452030709,0.6782976827094473,0.03959379077690172
womac_candidate,5-feature WOMAC candidate; VAS categorical in SMOTENC,Decision Tree,0.6019607843137255,0.06918540691912685,0.5900432900432899,0.07447271591875299,0.5611111111111111,0.2100852266798782,0.561187584345479,0.15185711391616039
womac_candidate,5-feature WOMAC candidate; VAS categorical in SMOTENC,Random Forest,0.7261437908496732,0.0548007158594891,0.7466450216450216,0.1473136145908908,0.7166666666666666,0.1597524126056734,0.7135714285714285,0.07044762934780435
womac_candidate,5-feature WOMAC candidate; VAS categorical in SMOTENC,SVM,0.7169934640522875,0.06435502685745093,0.7571428571428572,0.0831630914122523,0.6305555555555555,0.08193267335418124,0.6849999999999999,0.06677075208003379
