age,gender,BMI,VAS score,group,record_id,record_source,generation_method,validation_eligible
60,0,26.71,2,1,real_0001,real,observed,True
60,0,26.95,2,0,real_0002,real,observed,True
60,0,26.06,5,1,real_0003,real,observed,True
60,0,27.08,3,1,real_0004,real,observed,True
60,0,29.33,2,0,real_0005,real,observed,True
70,0,20.0,6,1,real_0006,real,observed,True
60,0,24.44,0,0,real_0007,real,observed,True
50,1,28.01,6,1,real_0008,real,observed,True
50,0,24.75,4,1,real_0009,real,observed,True
60,0,19.38,2,0,real_0010,real,observed,True
60,0,22.07,5,1,real_0011,real,observed,True
60,0,23.07,2,0,real_0012,real,observed,True
60,0,22.94,2,0,real_0013,real,observed,True
60,1,21.26,4,1,real_0014,real,observed,True
60,0,22.67,4,0,real_0015,real,observed,True
60,0,25.97,2,0,real_0016,real,observed,True
70,0,15.24,1,1,real_0017,real,observed,True
70,1,19.9,1,0,real_0018,real,observed,True
60,0,24.97,6,1,real_0019,real,observed,True
60,0,30.39,0,0,real_0020,real,observed,True
70,1,28.72,5,1,real_0021,real,observed,True
60,0,24.97,4,0,real_0022,real,observed,True
60,0,26.31,2,0,real_0023,real,observed,True
40,0,30.48,4,1,real_0024,real,observed,True
60,0,19.35,2,1,real_0025,real,observed,True
60,0,24.84,0,0,real_0026,real,observed,True
60,0,26.22,4,0,real_0027,real,observed,True
60,0,24.54,3,0,real_0028,real,observed,True
50,0,23.37,3,1,real_0029,real,observed,True
60,0,29.97,2,0,real_0030,real,observed,True
60,0,26.99,3,1,real_0031,real,observed,True
50,0,22.96,3,1,real_0032,real,observed,True
50,0,25.71,3,1,real_0033,real,observed,True
60,0,23.5,3,1,real_0034,real,observed,True
60,0,22.03,2,1,real_0035,real,observed,True
70,0,22.22,5,1,real_0036,real,observed,True
71,0,20.58,2,1,real_0037,real,observed,True
50,0,21.88,0,0,real_0038,real,observed,True
60,0,18.22,2,0,real_0039,real,observed,True
70,0,22.89,0,0,real_0040,real,observed,True
60,0,22.77,2,0,real_0041,real,observed,True
70,0,20.0,2,1,real_0042,real,observed,True
80,0,20.13,5,1,real_0043,real,observed,True
70,0,25.48,2,1,real_0044,real,observed,True
60,0,20.03,0,0,real_0045,real,observed,True
60,0,22.64,0,0,real_0046,real,observed,True
60,0,18.26,0,0,real_0047,real,observed,True
60,0,24.84,0,0,real_0048,real,observed,True
70,0,24.84,2,1,real_0049,real,observed,True
60,1,25.43,2,1,real_0050,real,observed,True
60,0,21.08,0,1,real_0051,real,observed,True
70,1,21.19,3,1,real_0052,real,observed,True
70,0,20.7,0,0,real_0053,real,observed,True
65,1,26.64,1,0,real_0054,real,observed,True
60,0,22.94,2,1,real_0055,real,observed,True
63,0,25.78,2,0,real_0056,real,observed,True
60,0,25.96,1,0,real_0057,real,observed,True
60,0,21.48,0,1,real_0058,real,observed,True
60,0,21.09,0,1,real_0059,real,observed,True
70,0,17.48,0,0,real_0060,real,observed,True
60,0,23.14,0,1,real_0061,real,observed,True
60,0,31.22,0,1,real_0062,real,observed,True
60,1,20.96,0,0,real_0063,real,observed,True
70,0,24.44,3,1,real_0064,real,observed,True
60,1,24.09,0,0,real_0065,real,observed,True
60,0,19.56,0,0,real_0066,real,observed,True
80,0,20.7,1,1,real_0067,real,observed,True
60,0,25.24,1,0,real_0068,real,observed,True
60,0,20.63,1,0,real_0069,real,observed,True
70,0,24.65,1,0,real_0070,real,observed,True
70,0,21.23,0,1,real_0071,real,observed,True
60,0,19.03,0,0,real_0072,real,observed,True
70,0,18.82,0,0,real_0073,real,observed,True
50,0,20.55,3,1,real_0074,real,observed,True
60,0,26.64,0,0,real_0075,real,observed,True
60,0,25.36,0,0,real_0076,real,observed,True
50,0,25.91,2,1,real_0077,real,observed,True
60,0,26.06,3,1,real_0078,real,observed,True
60,0,23.33,0,0,real_0079,real,observed,True
60,0,20.81,0,1,real_0080,real,observed,True
70,0,20.54,2,1,real_0081,real,observed,True
60,0,24.44,1,1,real_0082,real,observed,True
60,0,25.4,3,1,real_0083,real,observed,True
70,0,14.72,1,0,real_0084,real,observed,True
60,0,29.3,0,0,real_0085,real,observed,True
60,0,24.22,0,0,real_0086,real,observed,True
60,0,23.8,0,0,real_0087,real,observed,True
60,0,21.33,0,0,real_0088,real,observed,True
54,0,21.64,0,0,synthetic_0001,synthetic,SMOTENC,True
55,0,22.85,0,0,synthetic_0002,synthetic,SMOTENC,True
56,0,20.71,0,0,synthetic_0003,synthetic,SMOTENC,True
57,0,20.55,0,0,synthetic_0004,synthetic,SMOTENC,True
58,0,20.27,0,0,synthetic_0005,synthetic,SMOTENC,True
58,0,20.29,0,0,synthetic_0006,synthetic,SMOTENC,True
60,0,18.24,0,0,synthetic_0007,synthetic,SMOTENC,True
60,0,18.24,2,0,synthetic_0008,synthetic,SMOTENC,True
60,0,18.27,0,0,synthetic_0009,synthetic,SMOTENC,True
60,0,18.42,2,0,synthetic_0010,synthetic,SMOTENC,True
60,0,18.45,0,0,synthetic_0011,synthetic,SMOTENC,True
60,0,18.54,0,0,synthetic_0012,synthetic,SMOTENC,True
60,0,18.69,0,0,synthetic_0013,synthetic,SMOTENC,True
60,0,18.8,0,0,synthetic_0014,synthetic,SMOTENC,True
60,0,18.96,0,0,synthetic_0015,synthetic,SMOTENC,True
60,0,19.05,0,0,synthetic_0016,synthetic,SMOTENC,True
60,0,19.08,0,0,synthetic_0017,synthetic,SMOTENC,True
60,0,19.3,0,0,synthetic_0018,synthetic,SMOTENC,True
60,0,19.3,2,0,synthetic_0019,synthetic,SMOTENC,True
60,0,19.32,0,0,synthetic_0020,synthetic,SMOTENC,True
60,0,19.43,0,0,synthetic_0021,synthetic,SMOTENC,True
60,0,19.59,0,0,synthetic_0022,synthetic,SMOTENC,True
60,0,19.68,0,0,synthetic_0023,synthetic,SMOTENC,True
60,0,19.71,0,0,synthetic_0024,synthetic,SMOTENC,True
60,0,19.74,0,0,synthetic_0025,synthetic,SMOTENC,True
60,0,19.76,0,0,synthetic_0026,synthetic,SMOTENC,True
60,0,19.77,2,0,synthetic_0027,synthetic,SMOTENC,True
60,0,19.78,0,0,synthetic_0028,synthetic,SMOTENC,True
60,0,19.87,0,0,synthetic_0029,synthetic,SMOTENC,True
60,0,19.88,0,0,synthetic_0030,synthetic,SMOTENC,True
60,0,19.94,2,0,synthetic_0031,synthetic,SMOTENC,True
60,0,19.95,2,0,synthetic_0032,synthetic,SMOTENC,True
60,0,20.02,0,0,synthetic_0033,synthetic,SMOTENC,True
60,0,20.14,0,0,synthetic_0034,synthetic,SMOTENC,True
60,0,20.15,0,0,synthetic_0035,synthetic,SMOTENC,True
60,0,20.18,0,0,synthetic_0036,synthetic,SMOTENC,True
60,0,20.42,0,0,synthetic_0037,synthetic,SMOTENC,True
60,0,20.59,0,0,synthetic_0038,synthetic,SMOTENC,True
60,0,20.61,0,0,synthetic_0039,synthetic,SMOTENC,True
60,0,20.66,2,0,synthetic_0040,synthetic,SMOTENC,True
60,0,20.71,0,0,synthetic_0041,synthetic,SMOTENC,True
60,0,20.77,2,0,synthetic_0042,synthetic,SMOTENC,True
60,0,20.96,0,0,synthetic_0043,synthetic,SMOTENC,True
60,0,21.22,0,0,synthetic_0044,synthetic,SMOTENC,True
60,0,21.25,2,0,synthetic_0045,synthetic,SMOTENC,True
60,0,21.41,0,0,synthetic_0046,synthetic,SMOTENC,True
60,0,21.5,0,0,synthetic_0047,synthetic,SMOTENC,True
60,0,21.61,0,0,synthetic_0048,synthetic,SMOTENC,True
60,0,21.63,0,0,synthetic_0049,synthetic,SMOTENC,True
60,0,21.85,0,0,synthetic_0050,synthetic,SMOTENC,True
60,0,22.02,0,0,synthetic_0051,synthetic,SMOTENC,True
60,0,22.08,2,0,synthetic_0052,synthetic,SMOTENC,True
60,0,22.3,0,0,synthetic_0053,synthetic,SMOTENC,True
60,0,22.34,0,0,synthetic_0054,synthetic,SMOTENC,True
60,0,22.64,4,0,synthetic_0055,synthetic,SMOTENC,True
60,0,22.65,4,0,synthetic_0056,synthetic,SMOTENC,True
60,0,22.67,2,0,synthetic_0057,synthetic,SMOTENC,True
60,0,22.71,4,0,synthetic_0058,synthetic,SMOTENC,True
60,0,22.74,0,0,synthetic_0059,synthetic,SMOTENC,True
60,0,22.78,2,0,synthetic_0060,synthetic,SMOTENC,True
60,0,22.8,4,0,synthetic_0061,synthetic,SMOTENC,True
60,0,22.81,2,0,synthetic_0062,synthetic,SMOTENC,True
60,0,22.86,4,0,synthetic_0063,synthetic,SMOTENC,True
60,0,22.89,2,0,synthetic_0064,synthetic,SMOTENC,True
60,0,22.93,2,0,synthetic_0065,synthetic,SMOTENC,True
60,0,22.98,2,0,synthetic_0066,synthetic,SMOTENC,True
60,0,23.0,2,0,synthetic_0067,synthetic,SMOTENC,True
60,0,23.02,2,0,synthetic_0068,synthetic,SMOTENC,True
60,0,23.04,2,0,synthetic_0069,synthetic,SMOTENC,True
60,0,23.36,0,0,synthetic_0070,synthetic,SMOTENC,True
60,0,23.45,0,0,synthetic_0071,synthetic,SMOTENC,True
60,0,23.63,0,0,synthetic_0072,synthetic,SMOTENC,True
60,0,23.68,2,0,synthetic_0073,synthetic,SMOTENC,True
60,0,23.71,0,0,synthetic_0074,synthetic,SMOTENC,True
60,0,23.74,2,0,synthetic_0075,synthetic,SMOTENC,True
60,0,23.8,2,0,synthetic_0076,synthetic,SMOTENC,True
60,0,23.82,0,0,synthetic_0077,synthetic,SMOTENC,True
60,0,23.82,2,0,synthetic_0078,synthetic,SMOTENC,True
60,0,23.9,0,0,synthetic_0079,synthetic,SMOTENC,True
60,0,23.91,0,0,synthetic_0080,synthetic,SMOTENC,True
60,0,23.93,0,0,synthetic_0081,synthetic,SMOTENC,True
60,0,23.98,2,0,synthetic_0082,synthetic,SMOTENC,True
60,0,24.0,2,0,synthetic_0083,synthetic,SMOTENC,True
60,0,24.06,0,0,synthetic_0084,synthetic,SMOTENC,True
60,0,24.09,0,0,synthetic_0085,synthetic,SMOTENC,True
60,0,24.2,0,0,synthetic_0086,synthetic,SMOTENC,True
60,0,24.2,4,0,synthetic_0087,synthetic,SMOTENC,True
60,0,24.21,0,0,synthetic_0088,synthetic,SMOTENC,True
60,0,24.22,1,0,synthetic_0089,synthetic,SMOTENC,True
60,0,24.25,0,0,synthetic_0090,synthetic,SMOTENC,True
60,0,24.3,0,0,synthetic_0091,synthetic,SMOTENC,True
60,0,24.35,2,0,synthetic_0092,synthetic,SMOTENC,True
60,0,24.36,0,0,synthetic_0093,synthetic,SMOTENC,True
60,0,24.43,0,0,synthetic_0094,synthetic,SMOTENC,True
60,0,24.47,0,0,synthetic_0095,synthetic,SMOTENC,True
60,0,24.49,0,0,synthetic_0096,synthetic,SMOTENC,True
60,0,24.5,0,0,synthetic_0097,synthetic,SMOTENC,True
60,0,24.51,0,0,synthetic_0098,synthetic,SMOTENC,True
60,0,24.52,0,0,synthetic_0099,synthetic,SMOTENC,True
60,0,24.52,2,0,synthetic_0100,synthetic,SMOTENC,True
60,0,24.54,0,0,synthetic_0101,synthetic,SMOTENC,True
60,0,24.54,2,0,synthetic_0102,synthetic,SMOTENC,True
60,0,24.56,0,0,synthetic_0103,synthetic,SMOTENC,True
60,0,24.6,0,0,synthetic_0104,synthetic,SMOTENC,True
60,0,24.61,0,0,synthetic_0105,synthetic,SMOTENC,True
60,0,24.62,0,0,synthetic_0106,synthetic,SMOTENC,True
60,0,24.66,0,0,synthetic_0107,synthetic,SMOTENC,True
60,0,24.7,0,0,synthetic_0108,synthetic,SMOTENC,True
60,0,24.73,2,0,synthetic_0109,synthetic,SMOTENC,True
60,0,24.75,0,0,synthetic_0110,synthetic,SMOTENC,True
60,0,24.79,0,0,synthetic_0111,synthetic,SMOTENC,True
60,0,24.81,0,0,synthetic_0112,synthetic,SMOTENC,True
60,0,24.82,0,0,synthetic_0113,synthetic,SMOTENC,True
60,0,24.85,0,0,synthetic_0114,synthetic,SMOTENC,True
60,0,24.85,4,0,synthetic_0115,synthetic,SMOTENC,True
60,0,24.9,0,0,synthetic_0116,synthetic,SMOTENC,True
60,0,24.91,0,0,synthetic_0117,synthetic,SMOTENC,True
60,0,24.91,4,0,synthetic_0118,synthetic,SMOTENC,True
60,0,24.96,0,0,synthetic_0119,synthetic,SMOTENC,True
60,0,25.0,2,0,synthetic_0120,synthetic,SMOTENC,True
60,0,25.02,2,0,synthetic_0121,synthetic,SMOTENC,True
60,0,25.09,0,0,synthetic_0122,synthetic,SMOTENC,True
60,0,25.1,0,0,synthetic_0123,synthetic,SMOTENC,True
60,0,25.14,0,0,synthetic_0124,synthetic,SMOTENC,True
60,0,25.17,0,0,synthetic_0125,synthetic,SMOTENC,True
60,0,25.18,0,0,synthetic_0126,synthetic,SMOTENC,True
60,0,25.2,0,0,synthetic_0127,synthetic,SMOTENC,True
60,0,25.21,0,0,synthetic_0128,synthetic,SMOTENC,True
60,0,25.21,4,0,synthetic_0129,synthetic,SMOTENC,True
60,0,25.22,0,0,synthetic_0130,synthetic,SMOTENC,True
60,0,25.23,0,0,synthetic_0131,synthetic,SMOTENC,True
60,0,25.26,0,0,synthetic_0132,synthetic,SMOTENC,True
60,0,25.3,2,0,synthetic_0133,synthetic,SMOTENC,True
60,0,25.34,0,0,synthetic_0134,synthetic,SMOTENC,True
60,0,25.36,2,0,synthetic_0135,synthetic,SMOTENC,True
60,0,25.38,2,0,synthetic_0136,synthetic,SMOTENC,True
60,0,25.39,0,0,synthetic_0137,synthetic,SMOTENC,True
60,0,25.4,0,0,synthetic_0138,synthetic,SMOTENC,True
60,0,25.42,0,0,synthetic_0139,synthetic,SMOTENC,True
60,0,25.45,0,0,synthetic_0140,synthetic,SMOTENC,True
60,0,25.55,0,0,synthetic_0141,synthetic,SMOTENC,True
60,0,25.6,0,0,synthetic_0142,synthetic,SMOTENC,True
60,0,25.61,0,0,synthetic_0143,synthetic,SMOTENC,True
60,0,25.66,2,0,synthetic_0144,synthetic,SMOTENC,True
60,0,25.69,0,0,synthetic_0145,synthetic,SMOTENC,True
60,0,25.72,2,0,synthetic_0146,synthetic,SMOTENC,True
60,0,25.73,4,0,synthetic_0147,synthetic,SMOTENC,True
60,0,25.74,0,0,synthetic_0148,synthetic,SMOTENC,True
60,0,25.79,4,0,synthetic_0149,synthetic,SMOTENC,True
60,0,25.8,0,0,synthetic_0150,synthetic,SMOTENC,True
60,0,25.83,0,0,synthetic_0151,synthetic,SMOTENC,True
60,0,25.85,2,0,synthetic_0152,synthetic,SMOTENC,True
60,0,25.96,2,0,synthetic_0153,synthetic,SMOTENC,True
60,0,25.98,0,0,synthetic_0154,synthetic,SMOTENC,True
60,0,26.05,0,0,synthetic_0155,synthetic,SMOTENC,True
60,0,26.08,2,0,synthetic_0156,synthetic,SMOTENC,True
60,0,26.13,0,0,synthetic_0157,synthetic,SMOTENC,True
60,0,26.13,2,0,synthetic_0158,synthetic,SMOTENC,True
60,0,26.15,4,0,synthetic_0159,synthetic,SMOTENC,True
60,0,26.17,2,0,synthetic_0160,synthetic,SMOTENC,True
60,0,26.2,2,0,synthetic_0161,synthetic,SMOTENC,True
60,0,26.21,2,0,synthetic_0162,synthetic,SMOTENC,True
60,0,26.23,2,0,synthetic_0163,synthetic,SMOTENC,True
60,0,26.41,2,0,synthetic_0164,synthetic,SMOTENC,True
60,0,26.43,2,0,synthetic_0165,synthetic,SMOTENC,True
60,0,26.59,0,0,synthetic_0166,synthetic,SMOTENC,True
60,0,26.63,2,0,synthetic_0167,synthetic,SMOTENC,True
60,0,26.64,2,0,synthetic_0168,synthetic,SMOTENC,True
60,0,26.76,2,0,synthetic_0169,synthetic,SMOTENC,True
60,0,26.78,2,0,synthetic_0170,synthetic,SMOTENC,True
60,0,26.88,2,0,synthetic_0171,synthetic,SMOTENC,True
60,0,26.94,2,0,synthetic_0172,synthetic,SMOTENC,True
60,0,26.99,2,0,synthetic_0173,synthetic,SMOTENC,True
60,0,27.01,2,0,synthetic_0174,synthetic,SMOTENC,True
60,0,27.12,0,0,synthetic_0175,synthetic,SMOTENC,True
60,0,27.37,0,0,synthetic_0176,synthetic,SMOTENC,True
60,0,28.36,2,0,synthetic_0177,synthetic,SMOTENC,True
60,0,28.4,2,0,synthetic_0178,synthetic,SMOTENC,True
60,0,28.63,2,0,synthetic_0179,synthetic,SMOTENC,True
60,0,28.84,0,0,synthetic_0180,synthetic,SMOTENC,True
60,0,28.96,0,0,synthetic_0181,synthetic,SMOTENC,True
60,0,29.02,0,0,synthetic_0182,synthetic,SMOTENC,True
60,0,29.07,2,0,synthetic_0183,synthetic,SMOTENC,True
60,0,29.3,2,0,synthetic_0184,synthetic,SMOTENC,True
60,0,29.31,2,0,synthetic_0185,synthetic,SMOTENC,True
60,0,29.32,0,0,synthetic_0186,synthetic,SMOTENC,True
60,0,29.43,2,0,synthetic_0187,synthetic,SMOTENC,True
60,0,29.5,2,0,synthetic_0188,synthetic,SMOTENC,True
60,0,29.56,0,0,synthetic_0189,synthetic,SMOTENC,True
60,0,29.66,2,0,synthetic_0190,synthetic,SMOTENC,True
60,0,29.87,2,0,synthetic_0191,synthetic,SMOTENC,True
60,0,30.13,0,0,synthetic_0192,synthetic,SMOTENC,True
60,0,30.21,0,0,synthetic_0193,synthetic,SMOTENC,True
60,0,30.36,0,0,synthetic_0194,synthetic,SMOTENC,True
61,0,24.55,2,0,synthetic_0195,synthetic,SMOTENC,True
61,0,25.71,1,0,synthetic_0196,synthetic,SMOTENC,True
61,0,25.85,2,0,synthetic_0197,synthetic,SMOTENC,True
62,0,25.16,1,0,synthetic_0198,synthetic,SMOTENC,True
62,0,25.83,2,0,synthetic_0199,synthetic,SMOTENC,True
62,0,25.89,2,0,synthetic_0200,synthetic,SMOTENC,True
62,0,25.91,1,0,synthetic_0201,synthetic,SMOTENC,True
62,0,26.27,1,0,synthetic_0202,synthetic,SMOTENC,True
63,0,25.8,1,0,synthetic_0203,synthetic,SMOTENC,True
63,0,26.05,1,0,synthetic_0204,synthetic,SMOTENC,True
63,0,26.16,1,0,synthetic_0205,synthetic,SMOTENC,True
64,0,26.49,1,0,synthetic_0206,synthetic,SMOTENC,True
65,0,26.28,1,0,synthetic_0207,synthetic,SMOTENC,True
65,0,26.49,0,0,synthetic_0208,synthetic,SMOTENC,True
65,0,26.54,1,0,synthetic_0209,synthetic,SMOTENC,True
66,0,25.9,1,0,synthetic_0210,synthetic,SMOTENC,True
67,0,25.46,1,0,synthetic_0211,synthetic,SMOTENC,True
67,0,25.81,1,0,synthetic_0212,synthetic,SMOTENC,True
70,0,15.97,0,0,synthetic_0213,synthetic,SMOTENC,True
70,0,16.7,0,0,synthetic_0214,synthetic,SMOTENC,True
70,0,17.15,0,0,synthetic_0215,synthetic,SMOTENC,True
70,0,17.33,0,0,synthetic_0216,synthetic,SMOTENC,True
70,0,17.62,0,0,synthetic_0217,synthetic,SMOTENC,True
70,0,17.64,0,0,synthetic_0218,synthetic,SMOTENC,True
70,0,17.65,0,0,synthetic_0219,synthetic,SMOTENC,True
70,0,18.14,0,0,synthetic_0220,synthetic,SMOTENC,True
70,0,18.18,0,0,synthetic_0221,synthetic,SMOTENC,True
70,0,18.3,0,0,synthetic_0222,synthetic,SMOTENC,True
70,0,18.36,0,0,synthetic_0223,synthetic,SMOTENC,True
70,0,18.41,0,0,synthetic_0224,synthetic,SMOTENC,True
70,0,18.47,0,0,synthetic_0225,synthetic,SMOTENC,True
70,0,18.78,0,0,synthetic_0226,synthetic,SMOTENC,True
70,0,18.85,0,0,synthetic_0227,synthetic,SMOTENC,True
70,0,18.95,0,0,synthetic_0228,synthetic,SMOTENC,True
70,0,19.03,0,0,synthetic_0229,synthetic,SMOTENC,True
70,0,19.17,0,0,synthetic_0230,synthetic,SMOTENC,True
70,0,19.18,0,0,synthetic_0231,synthetic,SMOTENC,True
70,0,19.27,0,0,synthetic_0232,synthetic,SMOTENC,True
70,0,19.4,0,0,synthetic_0233,synthetic,SMOTENC,True
70,0,19.6,0,0,synthetic_0234,synthetic,SMOTENC,True
70,0,19.62,0,0,synthetic_0235,synthetic,SMOTENC,True
70,0,19.97,0,0,synthetic_0236,synthetic,SMOTENC,True
70,0,20.58,0,0,synthetic_0237,synthetic,SMOTENC,True
70,0,20.93,0,0,synthetic_0238,synthetic,SMOTENC,True
70,0,21.21,0,0,synthetic_0239,synthetic,SMOTENC,True
70,0,21.31,0,0,synthetic_0240,synthetic,SMOTENC,True
70,0,21.41,0,0,synthetic_0241,synthetic,SMOTENC,True
70,0,21.48,0,0,synthetic_0242,synthetic,SMOTENC,True
70,0,21.52,0,0,synthetic_0243,synthetic,SMOTENC,True
70,0,21.83,0,0,synthetic_0244,synthetic,SMOTENC,True
70,0,22.12,0,0,synthetic_0245,synthetic,SMOTENC,True
70,0,22.28,0,0,synthetic_0246,synthetic,SMOTENC,True
70,0,22.48,0,0,synthetic_0247,synthetic,SMOTENC,True
70,0,22.68,0,0,synthetic_0248,synthetic,SMOTENC,True
70,0,23.19,0,0,synthetic_0249,synthetic,SMOTENC,True
70,0,24.6,0,0,synthetic_0250,synthetic,SMOTENC,True
42,0,29.3,3,1,synthetic_0251,synthetic,SMOTENC,True
43,0,28.88,3,1,synthetic_0252,synthetic,SMOTENC,True
43,0,28.92,3,1,synthetic_0253,synthetic,SMOTENC,True
44,0,28.53,3,1,synthetic_0254,synthetic,SMOTENC,True
47,0,24.8,3,1,synthetic_0255,synthetic,SMOTENC,True
48,0,26.82,3,1,synthetic_0256,synthetic,SMOTENC,True
50,0,21.48,3,1,synthetic_0257,synthetic,SMOTENC,True
50,0,21.52,3,1,synthetic_0258,synthetic,SMOTENC,True
50,0,21.91,3,1,synthetic_0259,synthetic,SMOTENC,True
50,0,22.6,3,1,synthetic_0260,synthetic,SMOTENC,True
50,0,22.67,3,1,synthetic_0261,synthetic,SMOTENC,True
50,0,22.89,3,1,synthetic_0262,synthetic,SMOTENC,True
50,0,23.15,3,1,synthetic_0263,synthetic,SMOTENC,True
50,0,23.32,3,1,synthetic_0264,synthetic,SMOTENC,True
50,0,23.4,3,1,synthetic_0265,synthetic,SMOTENC,True
50,0,23.59,3,1,synthetic_0266,synthetic,SMOTENC,True
50,0,23.66,3,1,synthetic_0267,synthetic,SMOTENC,True
50,0,23.77,3,1,synthetic_0268,synthetic,SMOTENC,True
50,0,23.79,3,1,synthetic_0269,synthetic,SMOTENC,True
50,0,23.82,3,1,synthetic_0270,synthetic,SMOTENC,True
50,0,23.87,3,1,synthetic_0271,synthetic,SMOTENC,True
50,0,23.91,3,1,synthetic_0272,synthetic,SMOTENC,True
50,0,23.93,3,1,synthetic_0273,synthetic,SMOTENC,True
50,0,24.12,3,1,synthetic_0274,synthetic,SMOTENC,True
50,0,24.24,3,1,synthetic_0275,synthetic,SMOTENC,True
50,0,24.41,3,1,synthetic_0276,synthetic,SMOTENC,True
50,0,24.42,3,1,synthetic_0277,synthetic,SMOTENC,True
50,0,24.58,3,1,synthetic_0278,synthetic,SMOTENC,True
50,0,24.64,3,1,synthetic_0279,synthetic,SMOTENC,True
50,0,24.77,3,1,synthetic_0280,synthetic,SMOTENC,True
50,0,24.87,3,1,synthetic_0281,synthetic,SMOTENC,True
50,0,24.96,3,1,synthetic_0282,synthetic,SMOTENC,True
50,0,24.98,3,1,synthetic_0283,synthetic,SMOTENC,True
50,0,25.04,3,1,synthetic_0284,synthetic,SMOTENC,True
50,0,25.15,3,1,synthetic_0285,synthetic,SMOTENC,True
50,0,25.22,3,1,synthetic_0286,synthetic,SMOTENC,True
50,0,25.34,3,1,synthetic_0287,synthetic,SMOTENC,True
50,0,25.36,3,1,synthetic_0288,synthetic,SMOTENC,True
50,0,25.63,3,1,synthetic_0289,synthetic,SMOTENC,True
50,0,25.72,3,1,synthetic_0290,synthetic,SMOTENC,True
50,0,25.76,3,1,synthetic_0291,synthetic,SMOTENC,True
50,0,25.91,3,1,synthetic_0292,synthetic,SMOTENC,True
50,0,26.0,3,1,synthetic_0293,synthetic,SMOTENC,True
50,0,26.21,3,1,synthetic_0294,synthetic,SMOTENC,True
50,0,26.24,3,1,synthetic_0295,synthetic,SMOTENC,True
50,0,26.61,3,1,synthetic_0296,synthetic,SMOTENC,True
50,0,27.73,3,1,synthetic_0297,synthetic,SMOTENC,True
60,0,20.07,2,1,synthetic_0298,synthetic,SMOTENC,True
60,0,20.32,0,1,synthetic_0299,synthetic,SMOTENC,True
60,0,20.35,0,1,synthetic_0300,synthetic,SMOTENC,True
60,0,20.63,0,1,synthetic_0301,synthetic,SMOTENC,True
60,0,20.83,0,1,synthetic_0302,synthetic,SMOTENC,True
60,0,20.85,0,1,synthetic_0303,synthetic,SMOTENC,True
60,0,20.9,0,1,synthetic_0304,synthetic,SMOTENC,True
60,0,20.94,0,1,synthetic_0305,synthetic,SMOTENC,True
60,0,20.99,0,1,synthetic_0306,synthetic,SMOTENC,True
60,0,21.02,0,1,synthetic_0307,synthetic,SMOTENC,True
60,0,21.06,0,1,synthetic_0308,synthetic,SMOTENC,True
60,0,21.07,0,1,synthetic_0309,synthetic,SMOTENC,True
60,0,21.16,0,1,synthetic_0310,synthetic,SMOTENC,True
60,0,21.17,0,1,synthetic_0311,synthetic,SMOTENC,True
60,0,21.19,0,1,synthetic_0312,synthetic,SMOTENC,True
60,0,21.21,0,1,synthetic_0313,synthetic,SMOTENC,True
60,0,21.26,0,1,synthetic_0314,synthetic,SMOTENC,True
60,0,21.3,0,1,synthetic_0315,synthetic,SMOTENC,True
60,0,21.34,0,1,synthetic_0316,synthetic,SMOTENC,True
60,0,21.38,0,1,synthetic_0317,synthetic,SMOTENC,True
60,0,21.39,0,1,synthetic_0318,synthetic,SMOTENC,True
60,0,21.4,0,1,synthetic_0319,synthetic,SMOTENC,True
60,0,21.52,0,1,synthetic_0320,synthetic,SMOTENC,True
60,0,21.68,2,1,synthetic_0321,synthetic,SMOTENC,True
60,0,21.74,2,1,synthetic_0322,synthetic,SMOTENC,True
60,0,21.75,2,1,synthetic_0323,synthetic,SMOTENC,True
60,0,21.85,2,1,synthetic_0324,synthetic,SMOTENC,True
60,0,21.91,0,1,synthetic_0325,synthetic,SMOTENC,True
60,0,21.94,2,1,synthetic_0326,synthetic,SMOTENC,True
60,0,21.96,2,1,synthetic_0327,synthetic,SMOTENC,True
60,0,21.97,0,1,synthetic_0328,synthetic,SMOTENC,True
60,0,21.98,0,1,synthetic_0329,synthetic,SMOTENC,True
60,0,22.04,0,1,synthetic_0330,synthetic,SMOTENC,True
60,0,22.04,2,1,synthetic_0331,synthetic,SMOTENC,True
60,0,22.04,3,1,synthetic_0332,synthetic,SMOTENC,True
60,0,22.05,0,1,synthetic_0333,synthetic,SMOTENC,True
60,0,22.06,0,1,synthetic_0334,synthetic,SMOTENC,True
60,0,22.17,2,1,synthetic_0335,synthetic,SMOTENC,True
60,0,22.19,2,1,synthetic_0336,synthetic,SMOTENC,True
60,0,22.21,0,1,synthetic_0337,synthetic,SMOTENC,True
60,0,22.26,0,1,synthetic_0338,synthetic,SMOTENC,True
60,0,22.34,2,1,synthetic_0339,synthetic,SMOTENC,True
60,0,22.35,2,1,synthetic_0340,synthetic,SMOTENC,True
60,0,22.55,2,1,synthetic_0341,synthetic,SMOTENC,True
60,0,22.58,2,1,synthetic_0342,synthetic,SMOTENC,True
60,0,22.82,2,1,synthetic_0343,synthetic,SMOTENC,True
60,0,22.83,0,1,synthetic_0344,synthetic,SMOTENC,True
60,0,22.97,0,1,synthetic_0345,synthetic,SMOTENC,True
60,0,23.03,0,1,synthetic_0346,synthetic,SMOTENC,True
60,0,23.05,0,1,synthetic_0347,synthetic,SMOTENC,True
60,0,23.26,3,1,synthetic_0348,synthetic,SMOTENC,True
60,0,23.29,3,1,synthetic_0349,synthetic,SMOTENC,True
60,0,23.41,3,1,synthetic_0350,synthetic,SMOTENC,True
60,0,23.43,2,1,synthetic_0351,synthetic,SMOTENC,True
60,0,23.49,2,1,synthetic_0352,synthetic,SMOTENC,True
60,0,23.87,3,1,synthetic_0353,synthetic,SMOTENC,True
60,0,24.18,3,1,synthetic_0354,synthetic,SMOTENC,True
60,0,24.2,3,1,synthetic_0355,synthetic,SMOTENC,True
60,0,24.21,2,1,synthetic_0356,synthetic,SMOTENC,True
60,0,24.25,3,1,synthetic_0357,synthetic,SMOTENC,True
60,0,24.42,2,1,synthetic_0358,synthetic,SMOTENC,True
60,0,24.43,2,1,synthetic_0359,synthetic,SMOTENC,True
60,0,24.46,0,1,synthetic_0360,synthetic,SMOTENC,True
60,0,24.46,3,1,synthetic_0361,synthetic,SMOTENC,True
60,0,24.52,3,1,synthetic_0362,synthetic,SMOTENC,True
60,0,24.53,3,1,synthetic_0363,synthetic,SMOTENC,True
60,0,24.61,3,1,synthetic_0364,synthetic,SMOTENC,True
60,0,24.79,3,1,synthetic_0365,synthetic,SMOTENC,True
60,0,24.89,3,1,synthetic_0366,synthetic,SMOTENC,True
60,0,24.94,3,1,synthetic_0367,synthetic,SMOTENC,True
60,0,24.96,2,1,synthetic_0368,synthetic,SMOTENC,True
60,0,24.99,2,1,synthetic_0369,synthetic,SMOTENC,True
60,0,25.01,3,1,synthetic_0370,synthetic,SMOTENC,True
60,0,25.03,3,1,synthetic_0371,synthetic,SMOTENC,True
60,0,25.06,3,1,synthetic_0372,synthetic,SMOTENC,True
60,0,25.12,3,1,synthetic_0373,synthetic,SMOTENC,True
60,0,25.17,2,1,synthetic_0374,synthetic,SMOTENC,True
60,0,25.18,3,1,synthetic_0375,synthetic,SMOTENC,True
60,0,25.2,3,1,synthetic_0376,synthetic,SMOTENC,True
60,0,25.27,3,1,synthetic_0377,synthetic,SMOTENC,True
60,0,25.29,3,1,synthetic_0378,synthetic,SMOTENC,True
60,0,25.38,3,1,synthetic_0379,synthetic,SMOTENC,True
60,0,25.41,2,1,synthetic_0380,synthetic,SMOTENC,True
60,0,25.42,2,1,synthetic_0381,synthetic,SMOTENC,True
60,0,25.43,3,1,synthetic_0382,synthetic,SMOTENC,True
60,0,25.45,3,1,synthetic_0383,synthetic,SMOTENC,True
60,0,25.51,3,1,synthetic_0384,synthetic,SMOTENC,True
60,0,25.52,3,1,synthetic_0385,synthetic,SMOTENC,True
60,0,25.53,2,1,synthetic_0386,synthetic,SMOTENC,True
60,0,25.64,3,1,synthetic_0387,synthetic,SMOTENC,True
60,0,25.73,2,1,synthetic_0388,synthetic,SMOTENC,True
60,0,25.87,3,1,synthetic_0389,synthetic,SMOTENC,True
60,0,25.93,3,1,synthetic_0390,synthetic,SMOTENC,True
60,0,26.07,2,1,synthetic_0391,synthetic,SMOTENC,True
60,0,26.11,3,1,synthetic_0392,synthetic,SMOTENC,True
60,0,26.13,3,1,synthetic_0393,synthetic,SMOTENC,True
60,0,26.4,2,1,synthetic_0394,synthetic,SMOTENC,True
60,0,26.46,2,1,synthetic_0395,synthetic,SMOTENC,True
60,0,26.48,2,1,synthetic_0396,synthetic,SMOTENC,True
60,0,26.53,3,1,synthetic_0397,synthetic,SMOTENC,True
60,0,26.56,3,1,synthetic_0398,synthetic,SMOTENC,True
60,0,26.57,2,1,synthetic_0399,synthetic,SMOTENC,True
60,0,26.58,2,1,synthetic_0400,synthetic,SMOTENC,True
60,0,26.59,3,1,synthetic_0401,synthetic,SMOTENC,True
60,0,26.69,3,1,synthetic_0402,synthetic,SMOTENC,True
60,0,26.71,3,1,synthetic_0403,synthetic,SMOTENC,True
60,0,26.75,3,1,synthetic_0404,synthetic,SMOTENC,True
60,0,26.78,3,1,synthetic_0405,synthetic,SMOTENC,True
60,0,26.92,3,1,synthetic_0406,synthetic,SMOTENC,True
60,0,26.93,3,1,synthetic_0407,synthetic,SMOTENC,True
60,0,26.96,2,1,synthetic_0408,synthetic,SMOTENC,True
60,0,27.03,3,1,synthetic_0409,synthetic,SMOTENC,True
60,0,27.26,3,1,synthetic_0410,synthetic,SMOTENC,True
60,0,28.41,3,1,synthetic_0411,synthetic,SMOTENC,True
60,0,28.77,3,1,synthetic_0412,synthetic,SMOTENC,True
60,0,29.18,3,1,synthetic_0413,synthetic,SMOTENC,True
60,0,30.3,3,1,synthetic_0414,synthetic,SMOTENC,True
60,0,31.08,3,1,synthetic_0415,synthetic,SMOTENC,True
70,0,16.06,2,1,synthetic_0416,synthetic,SMOTENC,True
70,0,19.38,2,1,synthetic_0417,synthetic,SMOTENC,True
70,0,19.68,2,1,synthetic_0418,synthetic,SMOTENC,True
70,0,19.83,2,1,synthetic_0419,synthetic,SMOTENC,True
70,0,20.14,2,1,synthetic_0420,synthetic,SMOTENC,True
70,0,20.17,2,1,synthetic_0421,synthetic,SMOTENC,True
70,0,20.2,2,1,synthetic_0422,synthetic,SMOTENC,True
70,0,20.29,2,1,synthetic_0423,synthetic,SMOTENC,True
70,0,20.31,2,1,synthetic_0424,synthetic,SMOTENC,True
70,0,20.33,2,1,synthetic_0425,synthetic,SMOTENC,True
70,0,20.35,2,1,synthetic_0426,synthetic,SMOTENC,True
70,0,20.51,2,1,synthetic_0427,synthetic,SMOTENC,True
70,0,20.55,2,1,synthetic_0428,synthetic,SMOTENC,True
70,0,20.56,2,1,synthetic_0429,synthetic,SMOTENC,True
70,0,20.59,2,1,synthetic_0430,synthetic,SMOTENC,True
70,0,20.68,2,1,synthetic_0431,synthetic,SMOTENC,True
70,0,20.78,2,1,synthetic_0432,synthetic,SMOTENC,True
70,0,20.92,2,1,synthetic_0433,synthetic,SMOTENC,True
70,0,21.05,2,1,synthetic_0434,synthetic,SMOTENC,True
70,0,21.06,2,1,synthetic_0435,synthetic,SMOTENC,True
70,0,21.08,2,1,synthetic_0436,synthetic,SMOTENC,True
70,0,21.12,2,1,synthetic_0437,synthetic,SMOTENC,True
70,0,21.21,2,1,synthetic_0438,synthetic,SMOTENC,True
70,0,21.22,2,1,synthetic_0439,synthetic,SMOTENC,True
70,0,21.26,2,1,synthetic_0440,synthetic,SMOTENC,True
70,0,21.37,2,1,synthetic_0441,synthetic,SMOTENC,True
70,0,21.56,2,1,synthetic_0442,synthetic,SMOTENC,True
70,0,21.57,2,1,synthetic_0443,synthetic,SMOTENC,True
70,0,21.58,2,1,synthetic_0444,synthetic,SMOTENC,True
70,0,21.61,2,1,synthetic_0445,synthetic,SMOTENC,True
70,0,21.64,2,1,synthetic_0446,synthetic,SMOTENC,True
70,0,21.68,2,1,synthetic_0447,synthetic,SMOTENC,True
70,0,21.72,2,1,synthetic_0448,synthetic,SMOTENC,True
70,0,21.87,2,1,synthetic_0449,synthetic,SMOTENC,True
70,0,22.15,2,1,synthetic_0450,synthetic,SMOTENC,True
70,0,22.45,2,1,synthetic_0451,synthetic,SMOTENC,True
70,0,22.46,2,1,synthetic_0452,synthetic,SMOTENC,True
70,0,22.73,2,1,synthetic_0453,synthetic,SMOTENC,True
70,0,23.01,2,1,synthetic_0454,synthetic,SMOTENC,True
70,0,23.06,2,1,synthetic_0455,synthetic,SMOTENC,True
70,0,23.1,2,1,synthetic_0456,synthetic,SMOTENC,True
70,0,23.22,2,1,synthetic_0457,synthetic,SMOTENC,True
70,0,23.77,2,1,synthetic_0458,synthetic,SMOTENC,True
70,0,23.82,2,1,synthetic_0459,synthetic,SMOTENC,True
70,0,23.99,2,1,synthetic_0460,synthetic,SMOTENC,True
70,0,24.01,2,1,synthetic_0461,synthetic,SMOTENC,True
70,0,24.15,2,1,synthetic_0462,synthetic,SMOTENC,True
70,0,24.22,2,1,synthetic_0463,synthetic,SMOTENC,True
70,0,24.23,2,1,synthetic_0464,synthetic,SMOTENC,True
70,0,24.35,2,1,synthetic_0465,synthetic,SMOTENC,True
70,0,24.43,2,1,synthetic_0466,synthetic,SMOTENC,True
70,0,24.47,2,1,synthetic_0467,synthetic,SMOTENC,True
70,0,24.51,2,1,synthetic_0468,synthetic,SMOTENC,True
70,0,24.66,2,1,synthetic_0469,synthetic,SMOTENC,True
70,0,24.72,2,1,synthetic_0470,synthetic,SMOTENC,True
70,0,24.76,2,1,synthetic_0471,synthetic,SMOTENC,True
70,0,24.89,2,1,synthetic_0472,synthetic,SMOTENC,True
70,0,25.03,2,1,synthetic_0473,synthetic,SMOTENC,True
70,0,25.38,2,1,synthetic_0474,synthetic,SMOTENC,True
70,0,25.43,2,1,synthetic_0475,synthetic,SMOTENC,True
70,0,25.46,2,1,synthetic_0476,synthetic,SMOTENC,True
70,0,26.08,3,1,synthetic_0477,synthetic,SMOTENC,True
70,0,26.13,3,1,synthetic_0478,synthetic,SMOTENC,True
70,0,26.17,3,1,synthetic_0479,synthetic,SMOTENC,True
70,0,26.55,3,1,synthetic_0480,synthetic,SMOTENC,True
70,0,27.02,2,1,synthetic_0481,synthetic,SMOTENC,True
70,0,27.36,3,1,synthetic_0482,synthetic,SMOTENC,True
70,0,27.41,3,1,synthetic_0483,synthetic,SMOTENC,True
70,0,27.73,2,1,synthetic_0484,synthetic,SMOTENC,True
70,0,27.98,2,1,synthetic_0485,synthetic,SMOTENC,True
71,0,20.01,2,1,synthetic_0486,synthetic,SMOTENC,True
71,0,20.02,2,1,synthetic_0487,synthetic,SMOTENC,True
74,0,21.29,2,1,synthetic_0488,synthetic,SMOTENC,True
75,0,18.27,2,1,synthetic_0489,synthetic,SMOTENC,True
76,0,18.74,2,1,synthetic_0490,synthetic,SMOTENC,True
76,0,20.31,2,1,synthetic_0491,synthetic,SMOTENC,True
76,0,20.66,2,1,synthetic_0492,synthetic,SMOTENC,True
77,0,20.25,2,1,synthetic_0493,synthetic,SMOTENC,True
77,0,20.64,2,1,synthetic_0494,synthetic,SMOTENC,True
78,0,20.19,2,1,synthetic_0495,synthetic,SMOTENC,True
78,0,20.79,2,1,synthetic_0496,synthetic,SMOTENC,True
79,0,20.14,2,1,synthetic_0497,synthetic,SMOTENC,True
79,0,20.3,2,1,synthetic_0498,synthetic,SMOTENC,True
80,0,20.27,2,1,synthetic_0499,synthetic,SMOTENC,True
80,0,20.63,2,1,synthetic_0500,synthetic,SMOTENC,True
