number,group,age,gender,BMI,K-L grade,KOA period,VAS score,WOMAC score,30¡« JPR,45¡«JPR,60¡«JPR,LW_LVM_RMS%,LS_LVM_RMS%,LW_LVL_RMS%,LS_LVL_RMS%,RW_RVM_RMS%,RS_RVM_RMS%,RW_RVL_RMS%,RS_RVL_RMS%,LW-LVM-MDF,LW-LVL-MDF,LS-LVM-MDF,LS-LVL-MDF,RW-RVM-MDF,RW-RVL-MDF,RS-RVM-MDF,RS-RVL-MDF
1,1,60,0,26.71,4,4,2,8,8.33,5.67,17.33,0.298,0.807,0.424,0.392,0.329,0.689,0.508,0.491,62.954,102.446,55.956,46.043,86.554,62.075,86.572,75.727
2,0,60,0,26.95,2,0,2,19,2.33,5.67,2.33,0.275,0.593,0.535,0.559,1.004,0.725,0.318,0.508,73.505,59.966,57.21,79.304,55.911,66.193,63.553,82.002
3,1,60,0,26.06,2,3,5,32,5.67,8.67,22.67,0.159,0.78,0.312,0.307,0.081,0.619,0.306,0.695,69.754,98.584,78.84,70.065,77.407,121.165,71.56,139.903
4,1,60,0,27.08,3,4,3,10,4.33,7.66,7.33,0.445,0.823,0.43,0.562,0.742,0.926,0.61,0.954,45.604,40.871,45.298,35.879,40.59,21.309,41.201,32.088
5,0,60,0,29.33,2,0,2,11,1.67,3,20,0.467,1.067,0.526,1.018,0.347,0.998,0.846,0.85,45.135,117.25,60.345,110.718,35.788,83.488,59.883,74.301
6,1,70,0,20,4,4,6,25,7.33,5,2.33,0.445,0.725,0.937,0.653,0.329,0.846,0.342,0.443,58.734,69.191,53.135,64.521,57.283,69.899,49.541,89.989
7,0,60,0,24.44,2,0,0,0,3,2.67,7,0.242,0.695,0.511,0.565,0.421,0.575,0.501,0.517,64.127,112.744,75.705,110.102,86.783,133.519,117.598,121.078
8,1,50,1,28.01,2,3,6,24,8.33,12,11,0.214,0.546,0.556,0.547,0.741,0.524,0.488,0.55,67.644,112.53,63.48,72.221,56.14,65.37,73.228,68.597
9,1,50,0,24.75,3,3,4,5,2,14,17.33,0.173,0.569,0.736,0.941,0.43,0.932,0.353,0.481,71.63,129.05,53.448,77.456,59.799,77.105,59.55,89.133
10,0,60,0,19.38,2,0,2,7,3.33,12.67,6,0.154,0.553,0.483,0.36,0.242,0.822,0.601,1.044,62.72,127.762,65.047,140.283,55.683,77.517,79.566,80.576
11,1,60,0,22.07,2,3,5,31,8.33,22,11,0.324,0.627,0.7,0.891,0.26,0.985,0.387,0.897,59.203,98.155,56.897,89.775,79.008,114.371,68.557,126.783
12,0,60,0,23.07,2,0,2,9,1,15.33,19,0.2,0.748,0.507,0.574,0.255,0.968,0.599,0.852,71.864,129.693,57.837,120.573,87.011,82.458,84.904,103.965
13,0,60,0,22.94,1,0,2,4,3,13.33,12.67,0.666,1.104,0.482,0.919,0.475,0.771,0.453,0.563,28.019,108.453,53.762,87.619,64.372,90.282,68.224,72.59
14,1,60,1,21.26,4,4,4,24,4.67,18.33,14.33,0.208,0.74,0.79,0.67,0.715,0.745,0.373,0.4,59.203,98.155,56.897,89.775,79.008,114.371,68.557,126.783
15,0,60,0,22.67,2,0,4,26,2.33,5.33,1.67,0.343,0.78,0.468,0.425,0.533,0.636,0.478,0.662,90.387,70.264,74.138,63.289,71.69,76.693,67.89,102.253
16,0,60,0,25.97,2,0,2,9,3,11.33,3.33,0.212,0.577,0.269,0.236,0.721,0.803,0.411,0.588,84.994,80.562,70.376,87.003,86.554,106.341,60.217,92.841
17,1,70,0,15.24,2,3,1,18,0.67,17.33,7.5,0.207,0.76,0.797,0.773,0.524,0.752,0.514,0.638,52.169,64.042,52.508,82.076,61.628,81.841,56.547,102.824
18,0,70,1,19.9,2,0,1,7,3.33,4,5,0.162,0.539,0.617,0.794,0.572,0.577,0.437,0.594,88.98,38.082,91.066,48.198,82.895,78.546,100.917,76.583
19,1,60,0,24.97,3,3,6,35,10.67,3,7.67,0.371,0.811,0.54,0.314,0.68,0.934,0.437,0.543,60.61,88.5,71.944,78.688,59.113,101.812,58.215,99.971
20,0,60,0,30.39,1,0,0,5,6,5.33,3,0.591,0.788,1.634,1.222,0.871,0.858,0.864,1.134,64.313,75.192,41.489,70.286,68.366,118.921,56.634,133.212
21,1,70,1,28.72,2,4,5,17,3,2.67,1.67,0.508,0.826,0.568,1.427,0.596,1.123,0.843,0.979,83.752,83.059,83.579,59.155,83.579,98.649,80.114,87.39
22,0,60,0,24.97,2,0,4,7,1.33,13.33,7.67,0.381,0.826,0.972,0.986,1.159,1.331,0.663,1.511,59.727,73.865,55.425,65.67,39.033,59.523,58.498,48.663
23,0,60,0,26.31,2,0,2,9,6.33,18,5.33,0.321,0.861,0.77,0.995,0.482,0.825,0.726,1.155,57.421,102.728,43.829,85.196,65.104,88.939,60.77,94.455
24,1,40,0,30.48,2,3,4,17,2,4,4.33,0.819,1.045,0.268,0.326,0.678,0.758,0.58,1.14,24.064,71.949,57.339,67.128,76.981,66.024,69.357,82.532
25,1,60,0,19.35,4,4,2,18,0.67,10.67,7.33,0.517,1.001,0.499,0.47,0.716,0.962,0.911,0.98,63.85,70.869,57.07,62.606,66.176,76.703,66.555,67.727
26,0,60,0,24.84,1,0,0,5,8.33,10.33,10,0.892,0.98,1.072,0.832,0.925,0.923,0.709,0.889,33.904,61.15,68.081,102.742,66.176,110.822,65.714,41.432
27,0,60,0,26.22,2,0,4,8,0.33,0.67,1.33,0.535,0.526,0.7,0.699,0.568,0.906,0.39,0.879,27.914,98.137,36.659,90.588,44.568,55.085,44.416,106.618
28,0,60,0,24.54,2,0,3,24,6.67,1.67,8.33,0.473,1.287,0.61,0.916,0.909,1.233,0.205,0.834,71.551,59.26,61.904,54.692,48.469,80.349,50.862,79.218
29,1,50,0,23.37,3,4,3,9,23.33,20.33,5.67,0.327,0.534,0.545,0.866,0.914,0.964,0.683,0.911,61.07,44.141,55.19,88.892,55.972,70.973,54.224,92.918
30,0,60,0,29.97,2,0,2,20,3,3.67,9.33,0.885,1.313,0.78,0.927,0.834,1.087,0.584,0.635,49.091,90.038,59.218,77.869,56.573,83.474,56.747,83.858
31,1,60,0,26.99,3,3,3,17,3,10.33,3.67,0.348,0.881,0.495,0.778,0.603,0.977,0.404,0.541,38.396,70.329,45.253,37.451,36.765,24.613,36.57,41.874
32,1,50,0,22.96,3,3,3,37,11.33,27.67,2,0.517,1.069,0.694,0.894,0.299,0.434,0.454,0.621,69.412,117.846,70.767,105.003,94.988,44.928,94.578,59.551
33,1,50,0,25.71,4,4,3,2,2,8,4.33,0.973,0.779,0.4,0.561,0.467,0.791,0.354,0.668,23.943,43.432,40.694,67.225,28.474,58.329,55.972,67.856
34,1,60,0,23.5,4,4,3,32,2.67,11,18.67,0.642,1.05,0.597,0.763,0.938,1.224,0.978,1.073,28.897,43.789,58.459,52.328,49.248,68.206,31.419,64.546
35,1,60,0,22.03,4,4,2,11,3.33,3.33,6.67,0.703,1.006,0.752,1.268,0.699,0.719,1.049,1.081,26.915,50.581,50.609,51.955,62.858,65.003,48.481,53.88
36,1,70,0,22.22,4,4,5,11,4.33,1.67,4,1.01,1.423,0.845,1.197,1.201,1.156,0.959,1.01,53.666,88.829,63.004,75.419,46.741,50.587,44.32,59.029
37,1,71,0,20.58,4,4,2,13,18,20.33,15,1.366,1.397,1.162,1.429,0.894,1.119,0.841,1.104,53.005,66.309,54.741,64.991,54.979,68.473,51.394,56.455
38,0,50,0,21.88,1,0,0,3,2.33,6.33,10.67,0.595,1.401,0.374,1.138,0.702,1.192,1.31,1.108,46.4,66.309,70.027,58.287,48.89,27.896,65.543,57.19
39,0,60,0,18.22,3,0,2,9,7,17,26.33,0.483,1.306,0.957,0.407,0.438,1.615,0.873,0.433,50.033,49.151,49.783,48.976,49.964,49.786,50.146,49.834
40,0,70,0,22.89,1,0,0,2,4.67,5,5.33,0.686,0.997,0.604,0.926,0.606,0.829,0.765,0.91,26.915,43.432,61.764,66.48,47.154,64.469,62.91,74.108
41,0,60,0,22.77,1,0,2,6,4.67,1.33,8.67,0.482,0.655,0.395,0.59,1.499,1.078,1.28,0.78,56.638,47.364,65.069,62.756,39.219,58.062,35.164,60.5
42,1,70,0,20,4,4,2,15,7.33,5,2.33,0.736,0.921,0.819,0.875,0.517,0.808,0.581,0.924,69.518,58.803,58.459,51.21,54.62,74.613,71.369,65.649
43,1,80,0,20.13,4,4,5,29,25,15.67,17.67,0.872,1.038,1.155,0.954,0.899,0.586,0.752,0.528,40.456,43.789,36.976,48.976,56.053,54.592,55.972,62.707
44,1,70,0,25.48,4,4,2,7,3.67,6.33,7,0.576,1.335,0.631,0.9,0.53,1.077,0.682,1.018,58.62,74.531,54.328,83.24,51.039,69.007,45.152,72.637
45,0,60,0,20.03,1,0,0,0,8,5,3,0.584,0.934,0.361,0.846,0.453,0.635,0.362,0.5,48.382,67.024,43.586,56.797,36.712,42.579,40.99,48.363
46,0,60,0,22.64,1,0,0,0,7,2.67,7,0.054,1.525,0.517,0.703,0.409,1.217,0.39,1.075,48.712,50.223,49.783,58.287,50.681,68.473,64.711,56.455
47,0,60,0,18.26,1,0,0,4,3.33,8.67,9.33,0.108,1.194,0.767,1.522,0.388,1.11,1.54,1.258,29.888,85.97,53.501,33.333,61.426,72.21,57.636,79.257
48,0,60,0,24.84,1,0,0,5,7.33,10.33,10,0.422,0.768,0.676,0.487,0.514,1.176,0.548,0.469,22.292,54.155,54.741,58.659,107.987,58.062,109.238,42.847
49,1,70,0,24.84,4,4,2,4,6.67,12,11.67,1.448,1.153,1.412,1.201,0.995,1.324,0.519,0.796,29.557,21.626,61.351,47.114,25.967,45.515,29.338,43.582
50,1,60,1,25.43,3,3,2,5,11,4.33,2.67,0.891,0.829,0.511,0.723,0.524,0.483,0.543,0.586,19.65,78.82,89.031,79.516,31.698,72.744,64.711,72.637
51,1,60,0,21.08,4,4,0,1,5,5.67,5.33,0.576,1.038,0.176,0.16,0.788,0.951,0.617,0.741,65.555,33.423,48.131,60.521,18.804,40.176,52.643,72.637
52,1,70,1,21.19,3,3,3,12,3.67,4.67,3.67,0.735,0.665,0.664,0.816,0.473,0.852,0.443,0.797,29.888,22.699,60.938,86.965,54.62,78.884,57.636,67.856
53,0,70,0,20.7,1,0,0,5,2.33,5,2,0.559,0.536,0.566,0.732,0.811,0.684,0.606,0.567,29.557,38.785,35.323,46.369,37.787,42.846,43.071,55.719
54,0,65,1,26.64,1,0,1,2,2.67,0.67,3,0.408,0.665,0.355,0.901,0.45,0.513,0.611,0.754,60.601,57.373,67.548,86.22,78.259,63.401,73.034,69.327
55,1,60,0,22.94,4,4,2,4,3,13.33,12.67,1.196,1.209,0.864,0.913,1.131,1.799,1.426,1.252,34.181,58.803,54.741,58.659,123.388,21.757,109.238,42.847
56,0,63,0,25.78,2,0,2,8,1.67,7.67,9,0.889,1.274,1.146,0.947,1.199,1.353,1.202,0.759,28.236,55.943,39.868,53.818,18.804,44.714,21.432,47.996
57,0,60,0,25.96,1,0,1,0,1,4.33,9,0.63,0.958,0.546,0.922,0.837,0.875,0.945,0.839,60.931,59.16,72.093,64.246,71.096,67.672,57.636,69.327
58,1,60,0,21.48,4,4,0,1,5,4,2.67,0.659,1.017,1.079,0.968,0.907,1.123,0.747,0.628,52.675,21.984,36.976,31.471,63.574,56.994,46.4,53.145
59,1,60,0,21.09,4,4,0,2,3,4,11,0.43,0.722,0.44,0.779,0.378,0.772,0.608,0.811,53.336,68.811,60.112,67.598,47.815,65.537,46.4,61.971
60,0,70,0,17.48,1,0,0,0,1.33,7,4.33,0.375,0.731,0.482,0.677,0.431,0.675,0.374,0.575,48.052,69.169,44.412,60.894,64.291,81.821,68.872,66.752
61,1,60,0,23.14,4,4,0,6,2.33,17,9,0.452,1.106,0.773,0.82,1.141,0.893,0.911,0.742,56.638,71.671,60.525,79.516,70.38,64.202,63.046,64.546
62,1,60,0,31.22,4,4,0,8,2.33,4.33,4.67,0.836,0.535,0.637,0.804,0.727,0.696,0.363,0.381,20.31,29.133,22.103,64.246,31.698,47.651,53.891,52.409
63,0,60,1,20.96,1,0,0,3,4.33,4.67,3.67,0.612,1.163,0.929,0.825,0.733,0.466,0.857,0.465,67.206,36.997,59.285,65.736,58.918,46.583,58.469,71.166
64,1,70,0,24.44,2,4,3,10,3,4.67,6.33,0.206,1.17,0.676,0.992,0.892,1.485,0.707,1.077,26.585,72.386,53.088,59.404,45.308,52.99,42.655,66.752
65,0,60,1,24.09,1,0,0,0,8,1.33,3.67,0.228,0.463,0.205,0.594,0.311,0.433,0.189,1.002,58.584,68.551,60.599,82.952,32.045,75.234,54.243,87.052
66,0,60,0,19.56,1,0,0,3,1,4,5.67,0.363,0.768,0.314,0.749,1.525,1.136,0.589,0.799,65.437,71.774,69.921,65.099,70.004,72.967,59.971,52.722
67,1,80,0,20.7,4,4,1,5,8.67,5,8.33,1.645,1.802,0.973,1.301,1.573,1.823,1.055,1.218,24.641,47.477,67.959,45.069,24.618,24.228,29.18,28.2
68,0,60,0,25.24,2,0,1,6,13,9.33,3.33,5.662,1.438,0.817,1.025,1.415,0.843,0.76,0.597,22.356,56.403,28.705,57.261,38.647,53.698,61.045,64.983
69,0,60,0,20.63,3,0,1,1,2,15.67,14.33,0.959,0.92,0.763,0.544,0.907,0.607,1.208,0.772,19.419,31.114,34.102,62.922,23.518,47.747,37.773,63.021
70,0,70,0,24.65,2,0,1,6,2.67,8.33,8.33,0.718,1.602,0.593,1.238,0.933,2.344,0.668,1.235,75.228,67.807,75.319,86.871,50.75,84.302,22.735,79.205
71,1,70,0,21.23,4,4,0,7,2.33,4.33,12.33,0.898,1.472,0.481,1.347,1.58,1.452,0.96,1.012,49.445,46.734,38.027,27.215,51.3,68.15,35.983,68.416
72,0,60,0,19.03,1,0,0,0,3.33,2.33,8,0.465,1.093,0.414,0.908,0.518,0.653,0.293,0.748,33.127,69.047,52.748,71.195,22.143,55.965,42.786,58.607
73,0,70,0,18.82,1,0,0,0,2,16.33,9,0.215,1.619,0.663,1.072,1.321,1.988,1.712,1.753,22.683,58.386,44.406,62.486,40.022,30.179,41.711,61.059
74,1,50,0,20.55,3,4,3,6,3,8.67,8.67,0.551,1.486,0.587,1.267,0.739,1.182,0.568,1.286,39.98,41.279,53.729,53.342,49.099,58.799,49.23,57.626
75,0,60,0,26.64,1,0,0,0,6.67,2.67,11,1.02,0.979,1.371,0.803,0.478,0.316,0.594,0.571,23.009,20.702,47.841,25.909,66.428,73.817,59.255,71.849
76,0,60,0,25.36,1,0,0,0,1.67,6.33,6.33,0.493,0.76,0.407,1.175,0.484,0.593,0.332,0.531,50.751,77.972,65.996,38.537,46.349,75.801,42.786,70.378
77,1,50,0,25.91,3,4,2,2,6,16.33,13.67,0.564,0.909,0.41,0.843,0.881,0.919,0.803,0.898,45.202,65.576,59.127,52.471,48.824,55.115,61.762,63.512
78,1,60,0,26.06,4,4,3,13,3.33,16.67,16.67,0.657,1.308,0.278,1.101,1.18,1.922,0.494,1.084,48.792,87.145,38.027,80.775,49.099,72.4,49.588,65.473
79,0,60,0,23.33,1,0,0,0,2,2,4.33,1.558,0.779,0.667,0.737,1.325,0.755,0.531,0.733,50.424,55.907,49.804,59.003,30.67,47.464,49.588,61.55
80,1,60,0,20.81,4,4,0,7,1.67,9.67,8.33,1.849,1.236,0.69,0.9,1.658,1.482,1.062,1.617,49.445,50.7,49.804,65.099,49.099,65.599,49.588,72.339
81,1,70,0,20.54,4,4,2,5,2,8.33,6.33,0.703,1.219,0.513,1.116,1.079,1.082,0.654,0.9,49.772,69.047,47.35,58.567,94.21,41.797,118.332,46.837
82,1,60,0,24.44,3,4,1,2,2.67,10.33,6.33,0.405,0.716,0.324,0.785,0.93,0.761,0.258,0.593,55.646,75.493,68.94,82.081,112.089,56.532,136.233,49.779
83,1,60,0,25.4,4,4,3,14,2.67,13.33,25,0.672,1.525,0.273,0.912,1.173,0.989,0.774,1.24,49.119,51.692,35.574,50.294,58.451,60.499,39.921,53.212
84,0,70,0,14.72,3,0,1,6,6,4,8.67,0.535,1.199,0.283,1.173,0.685,1.574,0.385,1.068,59.236,61.113,56.183,77.292,120.616,73.534,134.085,79.205
85,0,60,0,29.3,1,0,0,1,2.667,3,1.33,1.112,1.246,0.95,1.172,0.935,0.663,0.948,0.86,49.119,46.238,45.878,48.552,55.426,60.215,41.711,58.117
86,0,60,0,24.22,2,0,0,9,8,5,10,0.995,0.867,0.621,0.925,1.075,0.957,0.821,1.063,24.641,58.882,27.723,55.084,42.773,55.398,55.317,63.021
87,0,60,0,23.8,2,0,0,3,5.33,11.33,9.33,0.701,0.976,0.342,0.685,1.225,1.092,0.133,0.175,26.599,57.146,32.63,64.228,27.919,66.449,37.773,78.225
88,0,60,0,21.33,3,0,0,5,2.33,10.33,3,0.974,1.651,0.21,1.544,1.874,1.088,0.443,0.963,30.516,72.766,49.313,53.342,21.042,65.033,64.268,69.887
