Variant,Fold,Outer Validation Real Rows,Outer Validation Synthetic Rows,Calibration Real Rows,Calibration Synthetic Rows,Base Real Training Rows,Base Synthetic Training Rows,Accuracy,Precision,Recall,F1,Brier Score,Log Loss
Uncalibrated,1,18,100,0,0,70,400,0.8728813559322034,0.8666666666666667,0.8813559322033898,0.8739495798319328,0.08440677966101695,1.0863844207519813
Calibrated,1,18,100,12,82,58,318,0.8728813559322034,0.8928571428571429,0.847457627118644,0.8695652173913043,0.08627257099915707,0.2873653950219102
Uncalibrated,2,19,99,0,0,69,401,0.8728813559322034,0.8793103448275862,0.864406779661017,0.8717948717948718,0.10067796610169492,1.6981866859544574
Calibrated,2,19,99,14,80,55,321,0.8728813559322034,0.8928571428571429,0.847457627118644,0.8695652173913043,0.09798070931054832,0.32556081797159847
Uncalibrated,3,17,101,0,0,71,399,0.9067796610169492,0.9285714285714286,0.8813559322033898,0.9043478260869565,0.0793220338983051,1.0820950760412897
Calibrated,3,17,101,18,76,53,323,0.8983050847457628,0.9272727272727272,0.864406779661017,0.8947368421052632,0.0753039357218551,0.2683522102977111
Uncalibrated,4,15,102,0,0,73,398,0.8888888888888888,0.9090909090909091,0.8620689655172413,0.8849557522123894,0.07897435897435898,0.8004997316606608
Calibrated,4,15,102,14,81,59,317,0.8803418803418803,0.8928571428571429,0.8620689655172413,0.8771929824561403,0.08722382142821822,0.2918431602906963
Uncalibrated,5,19,98,0,0,69,402,0.905982905982906,0.8983050847457628,0.9137931034482759,0.905982905982906,0.0806837606837607,1.658335370376288
Calibrated,5,19,98,14,81,55,321,0.905982905982906,0.8852459016393442,0.9310344827586207,0.907563025210084,0.07820767532698734,0.2818017422383942
