Fold,Feature,Importance Mean,Importance Std,Held-Out Real Rows,Held-Out Synthetic Rows,Repeats
1,age,0.10743390048416167,0.03187569240296928,18,100,30
1,gender,0.008397805403152988,0.00529238250388676,18,100,30
1,BMI,0.09161530242348652,0.030410139170670092,18,100,30
1,VAS score,0.3267587586547341,0.04612663406742729,18,100,30
2,age,0.14919363271533073,0.03089149772254891,19,99,30
2,gender,-0.004885432120966874,0.007063128813485695,19,99,30
2,BMI,0.12362675735921681,0.025525192128574084,19,99,30
2,VAS score,0.2856370582206417,0.03600525278062206,19,99,30
3,age,0.16083720350259764,0.030192436812867176,17,101,30
3,gender,-0.002251761153209375,0.010043426404047009,17,101,30
3,BMI,0.16646214231598308,0.025393454491531565,17,101,30
3,VAS score,0.30728215450388663,0.04756658427155562,17,101,30
4,age,0.14132410026267514,0.01970713355896727,15,102,30
4,gender,0.0,0.0,15,102,30
4,BMI,0.16063105679511655,0.027161553675446613,15,102,30
4,VAS score,0.2931032284700568,0.043658103165603125,15,102,30
5,age,0.1910382092129024,0.026913025346238833,19,98,30
5,gender,0.002645827271948886,0.006785444743053931,19,98,30
5,BMI,0.1406447464505115,0.025377655368083264,19,98,30
5,VAS score,0.30941901000479016,0.04051397181296035,19,98,30
