Model,Fold,Training Rows,Real Training Rows,Synthetic Training Rows,Validation Rows,Validation Real Rows,Validation Synthetic Rows,Accuracy,Precision,Recall,F1
Logistic Regression,1,470,70,400,118,18,100,0.8135593220338984,0.7761194029850746,0.8813559322033898,0.8253968253968254
KNN,1,470,70,400,118,18,100,0.8728813559322034,0.8666666666666667,0.8813559322033898,0.8739495798319328
Decision Tree,1,470,70,400,118,18,100,0.864406779661017,0.8771929824561403,0.847457627118644,0.8620689655172413
Random Forest,1,470,70,400,118,18,100,0.8898305084745762,0.9259259259259259,0.847457627118644,0.8849557522123894
SVM,1,470,70,400,118,18,100,0.847457627118644,0.9361702127659575,0.7457627118644068,0.8301886792452831
Logistic Regression,2,470,69,401,118,19,99,0.7627118644067796,0.7384615384615385,0.8135593220338984,0.7741935483870968
KNN,2,470,69,401,118,19,99,0.8728813559322034,0.8793103448275862,0.864406779661017,0.8717948717948718
Decision Tree,2,470,69,401,118,19,99,0.8559322033898306,0.9038461538461539,0.7966101694915254,0.8468468468468469
Random Forest,2,470,69,401,118,19,99,0.8813559322033898,0.9411764705882353,0.8135593220338984,0.8727272727272727
SVM,2,470,69,401,118,19,99,0.8050847457627118,0.9090909090909091,0.6779661016949152,0.7766990291262136
Logistic Regression,3,470,71,399,118,17,101,0.7711864406779662,0.7222222222222222,0.8813559322033898,0.7938931297709924
KNN,3,470,71,399,118,17,101,0.9067796610169492,0.9285714285714286,0.8813559322033898,0.9043478260869565
Decision Tree,3,470,71,399,118,17,101,0.8559322033898306,0.9375,0.7627118644067796,0.8411214953271028
Random Forest,3,470,71,399,118,17,101,0.8983050847457628,0.9272727272727272,0.864406779661017,0.8947368421052632
SVM,3,470,71,399,118,17,101,0.8220338983050848,0.9130434782608695,0.711864406779661,0.8
Logistic Regression,4,471,73,398,117,15,102,0.7521367521367521,0.7301587301587301,0.7931034482758621,0.7603305785123967
KNN,4,471,73,398,117,15,102,0.8888888888888888,0.9090909090909091,0.8620689655172413,0.8849557522123894
Decision Tree,4,471,73,398,117,15,102,0.8803418803418803,0.9074074074074074,0.8448275862068966,0.875
Random Forest,4,471,73,398,117,15,102,0.8632478632478633,0.92,0.7931034482758621,0.8518518518518519
SVM,4,471,73,398,117,15,102,0.7948717948717948,0.9047619047619048,0.6551724137931034,0.76
Logistic Regression,5,471,69,402,117,19,98,0.8034188034188035,0.7777777777777778,0.8448275862068966,0.8099173553719008
KNN,5,471,69,402,117,19,98,0.905982905982906,0.8983050847457628,0.9137931034482759,0.905982905982906
Decision Tree,5,471,69,402,117,19,98,0.8376068376068376,0.819672131147541,0.8620689655172413,0.8403361344537815
Random Forest,5,471,69,402,117,19,98,0.8974358974358975,0.896551724137931,0.896551724137931,0.896551724137931
SVM,5,471,69,402,117,19,98,0.8717948717948718,0.9056603773584906,0.8275862068965517,0.8648648648648649
