Subject ID,Actual Target,Record Source,Uncalibrated Prediction,Uncalibrated OA Probability,Calibrated Prediction,Calibrated OA Probability,Selected Variant,Selected Prediction,Selected OA Probability
1,1,real,1,0.5294088640848631,0,0.44381381259836006,Uncalibrated,1,0.5294088640848631
2,0,real,1,0.5074894246139164,1,0.5094915469457367,Uncalibrated,1,0.5074894246139164
3,1,real,1,0.9562061146082144,1,0.7330883241356709,Uncalibrated,1,0.9562061146082144
4,1,real,1,0.7316671428362367,1,0.5426389313891036,Uncalibrated,1,0.7316671428362367
5,0,real,0,0.434711728975438,1,0.5001746951009008,Uncalibrated,0,0.434711728975438
6,1,real,1,0.9990233850973235,1,0.976384024269749,Uncalibrated,1,0.9990233850973235
7,0,real,0,0.20359948749368711,0,0.35283841327041027,Uncalibrated,0,0.20359948749368711
8,1,real,1,0.985149169819153,1,0.8098415152097199,Uncalibrated,1,0.985149169819153
9,1,real,1,0.9802100458741918,1,0.834658561551875,Uncalibrated,1,0.9802100458741918
10,0,real,1,0.8094547058701015,1,0.6680302985747061,Uncalibrated,1,0.8094547058701015
11,1,real,1,0.9827062712523148,1,0.8083170954407927,Uncalibrated,1,0.9827062712523148
12,0,real,1,0.7371344218729585,0,0.4736800581675353,Uncalibrated,1,0.7371344218729585
13,0,real,1,0.7642126466744732,1,0.54182513462741,Uncalibrated,1,0.7642126466744732
14,1,real,1,0.9754342936922589,1,0.6345435023579373,Uncalibrated,1,0.9754342936922589
15,0,real,1,0.9813107800007811,1,0.7342197189468576,Uncalibrated,1,0.9813107800007811
16,0,real,1,0.5635651868900199,0,0.48459074451422035,Uncalibrated,1,0.5635651868900199
17,1,real,1,0.6503618927839688,1,0.5226955238962441,Uncalibrated,1,0.6503618927839688
18,0,real,0,0.33648148506762054,0,0.44327150454407666,Uncalibrated,0,0.33648148506762054
19,1,real,1,0.9919985381054033,1,0.8623882433664256,Uncalibrated,1,0.9919985381054033
20,0,real,0,0.02161055869103736,0,0.07432354428001713,Uncalibrated,0,0.02161055869103736
21,1,real,1,0.9417667841731148,1,0.8022267190623429,Uncalibrated,1,0.9417667841731148
22,0,real,1,0.9653600055690971,1,0.8299230259370692,Uncalibrated,1,0.9653600055690971
23,0,real,1,0.5483992946860908,0,0.4747923147239136,Uncalibrated,1,0.5483992946860908
24,1,real,1,0.783506698258303,0,0.4594547049826487,Uncalibrated,1,0.783506698258303
25,1,real,1,0.8494721281653105,1,0.6626854796126379,Uncalibrated,1,0.8494721281653105
26,0,real,0,0.11118308316722907,0,0.1597911268301458,Uncalibrated,0,0.11118308316722907
27,0,real,1,0.9277580744777024,1,0.6921266465977002,Uncalibrated,1,0.9277580744777024
28,0,real,1,0.8988433239389909,1,0.5656879577135451,Uncalibrated,1,0.8988433239389909
29,1,real,1,0.8193279306258103,1,0.5899443577950729,Uncalibrated,1,0.8193279306258103
30,0,real,0,0.43627148076607,0,0.29008789606519975,Uncalibrated,0,0.43627148076607
31,1,real,1,0.8490674095540783,0,0.49598039210291023,Uncalibrated,1,0.8490674095540783
32,1,real,1,0.9361829115096402,1,0.6491887760768781,Uncalibrated,1,0.9361829115096402
33,1,real,1,0.9065713175696493,1,0.6691247030886371,Uncalibrated,1,0.9065713175696493
34,1,real,1,0.915172006678632,1,0.5946660063147574,Uncalibrated,1,0.915172006678632
35,1,real,1,0.7729730991739054,1,0.503407945285052,Uncalibrated,1,0.7729730991739054
36,1,real,1,0.9948620419620516,1,0.8076963507010465,Uncalibrated,1,0.9948620419620516
37,1,real,1,0.8153641192456791,1,0.6454839403273528,Uncalibrated,1,0.8153641192456791
38,0,real,0,0.16227653587606555,0,0.23344131428499296,Uncalibrated,0,0.16227653587606555
39,0,real,1,0.8397118056528404,1,0.6970384896938971,Uncalibrated,1,0.8397118056528404
40,0,real,0,0.11458406350496876,0,0.1873568489019412,Uncalibrated,0,0.11458406350496876
41,0,real,1,0.7727018121027537,1,0.5462254948961042,Uncalibrated,1,0.7727018121027537
42,1,real,1,0.8169976298061852,1,0.7033553565729952,Uncalibrated,1,0.8169976298061852
43,1,real,1,0.9922614192552319,1,0.8900857699092415,Uncalibrated,1,0.9922614192552319
44,1,real,1,0.5464836521056712,0,0.4376130788612301,Uncalibrated,1,0.5464836521056712
45,0,real,0,0.22151913343640992,0,0.3029589429358195,Uncalibrated,0,0.22151913343640992
46,0,real,0,0.1455550135776487,0,0.23203473894246623,Uncalibrated,0,0.1455550135776487
47,0,real,0,0.4422902681597459,0,0.27424792449300417,Uncalibrated,0,0.4422902681597459
48,0,real,0,0.08708186967030354,0,0.17178139209753002,Uncalibrated,0,0.08708186967030354
49,1,real,1,0.5322754703648215,0,0.4896165506617342,Uncalibrated,1,0.5322754703648215
50,1,real,0,0.37522288982044705,0,0.4541325271809134,Uncalibrated,0,0.37522288982044705
51,1,real,0,0.18957876792961575,0,0.278201467965844,Uncalibrated,0,0.18957876792961575
52,1,real,1,0.8990154397383212,1,0.7099252459312891,Uncalibrated,1,0.8990154397383212
53,0,real,0,0.16960984022505385,0,0.253447366773279,Uncalibrated,0,0.16960984022505385
54,0,real,0,0.2303382408289447,0,0.3677570703558547,Uncalibrated,0,0.2303382408289447
55,1,real,1,0.6278432379702523,1,0.5251710333928341,Uncalibrated,1,0.6278432379702523
56,0,real,1,0.5646609216684383,1,0.5373334251158077,Uncalibrated,1,0.5646609216684383
57,0,real,0,0.2626199165096852,0,0.2764689793435494,Uncalibrated,0,0.2626199165096852
58,1,real,0,0.2431207678715214,0,0.21262490539981937,Uncalibrated,0,0.2431207678715214
59,1,real,0,0.31895130188728626,0,0.4452796050675336,Uncalibrated,0,0.31895130188728626
60,0,real,0,0.4163067967704861,0,0.4520423302493215,Uncalibrated,0,0.4163067967704861
61,1,real,0,0.1449258884880126,0,0.31313397567030404,Uncalibrated,0,0.1449258884880126
62,1,real,0,0.017438097325094278,0,0.06512977676685247,Uncalibrated,0,0.017438097325094278
63,0,real,0,0.14497294781703582,0,0.24011188660843907,Uncalibrated,0,0.14497294781703582
64,1,real,1,0.8377868569559782,1,0.6707193162769416,Uncalibrated,1,0.8377868569559782
65,0,real,0,0.07196660132706702,0,0.12746407994832162,Uncalibrated,0,0.07196660132706702
66,0,real,0,0.35508768357729703,0,0.24808948991776472,Uncalibrated,0,0.35508768357729703
67,1,real,0,0.35830021762626285,0,0.39290437250246907,Uncalibrated,0,0.35830021762626285
68,0,real,0,0.3097363599644549,0,0.2907868148013496,Uncalibrated,0,0.3097363599644549
69,0,real,1,0.6138682017829593,0,0.39990230429961265,Uncalibrated,1,0.6138682017829593
70,0,real,0,0.28672930361559945,0,0.3178425588586356,Uncalibrated,0,0.28672930361559945
71,1,real,0,0.15613323632348636,0,0.24214435913387022,Uncalibrated,0,0.15613323632348636
72,0,real,0,0.2193162146349463,0,0.32714122548873903,Uncalibrated,0,0.2193162146349463
73,0,real,0,0.2776408783652067,0,0.39968141820516423,Uncalibrated,0,0.2776408783652067
74,1,real,1,0.8830237051353554,1,0.6658246213481178,Uncalibrated,1,0.8830237051353554
75,0,real,0,0.05602716528424719,0,0.1322910384479513,Uncalibrated,0,0.05602716528424719
76,0,real,0,0.17796539240418932,0,0.3289764463410034,Uncalibrated,0,0.17796539240418932
77,1,real,1,0.526172207665367,0,0.42791643142243624,Uncalibrated,1,0.526172207665367
78,1,real,1,0.7662781740866721,1,0.5716901435934606,Uncalibrated,1,0.7662781740866721
79,0,real,0,0.1420550254320302,0,0.31249435943983095,Uncalibrated,0,0.1420550254320302
80,1,real,0,0.18414692538872077,0,0.32103505475641414,Uncalibrated,0,0.18414692538872077
81,1,real,1,0.7852688832233431,1,0.5034354320290594,Uncalibrated,1,0.7852688832233431
82,1,real,0,0.28337421298620075,0,0.29945871808831515,Uncalibrated,0,0.28337421298620075
83,1,real,1,0.8636719309780522,1,0.6738400505073564,Uncalibrated,1,0.8636719309780522
84,0,real,1,0.8179040667329587,1,0.752540725906236,Uncalibrated,1,0.8179040667329587
85,0,real,0,0.07362353233988339,0,0.292768315984709,Uncalibrated,0,0.07362353233988339
86,0,real,0,0.11520671352987139,0,0.2120326086040101,Uncalibrated,0,0.11520671352987139
87,0,real,0,0.2229948852269337,0,0.36989084873078804,Uncalibrated,0,0.2229948852269337
88,0,real,0,0.17473521592585292,0,0.3192626061297279,Uncalibrated,0,0.17473521592585292
